,root,abbr,reflex,meaning,notes,A's comments,E translated,F translated
0,gu̯or-gu̯(or)o-,arm.,kork,Schmutz,,,Dirt,
1,gu̯or-gu̯(or)o-,gr.,βόρβορος,"Schlamm, Schmutz, Kot, Mist",,,"Mud, dirt, feces, rubbish",
0,"gu̯ozd(h)o-, gu̯ozd(h)i-",Gallorom.,bottos,Radnabe,M-L. 1229a,,Wheel hub,M-L. 1229a [UNKNOWN]
1,"gu̯ozd(h)o-, gu̯ozd(h)i-",cymr.,both,"Radnabe, Schildbuckel",,,"Wheel hub, shield boss",
2,"gu̯ozd(h)o-, gu̯ozd(h)i-",mir.,bot,"Schwanz, penis",m.,,"Tail, penis",m.
3,"gu̯ozd(h)o-, gu̯ozd(h)i-",nir.,bod,"Schwanz, penis",m.,,"Tail, penis",m.
4,"gu̯ozd(h)o-, gu̯ozd(h)i-",abg.,gvozdь,Nagel,,,Nail,
5,"gu̯ozd(h)o-, gu̯ozd(h)i-",poln.,g(w)ózdź,Nagel,,,Nail,
6,"gu̯ozd(h)o-, gu̯ozd(h)i-",čech.,hvozděj,Durchschlagholz,,,Perforated wood,
7,"gu̯ozd(h)o-, gu̯ozd(h)i-",poln.,g(w)oździk,Nelke,,,Carnation,
8,"gu̯ozd(h)o-, gu̯ozd(h)i-",čech.,hvozdík,Nelke,,,Carnation,
0,gu̯reig̑-,gr.,βρίζω,"schlafe, bin untätig",*βριγι̯ω,,"sleep, am inactive",*βριγι̯ω [UNKNOWN]
1,gu̯reig̑-,gr.,ἔβριξα,"schlafe, bin untätig",,,"sleep, am inactive",
2,gu̯reig̑-,gr.,ἀβρίξ,ἐγρηγόρως,Hes.,,I have been awake.,Hes. [UNKNOWN]
,,,,,,,,
4,gu̯reig̑-,russ.,grézitь,"im Schlaf reden, phantasieren","kaum *grez-, eher *grьz-",,"talking in one's sleep, fantasizing","kaum *grez-, eher *grьz-"
5,gu̯reig̑-,russ.,grëza,"Traum, Faseln, alberne Reden",Sehr unsicher; s. auch Berneker 351.,sehr unsicher = very uncertain,"Dream, babbling, silly talks",Very uncertain; see also Berneker 351.
0,"gu̯rēug̑h-, gu̯rū̆g̑h-",gr.,βρύ̄χω,knirsche mit den Zähnen,"daneben durch Entgleisung aus βρύξω, ἔβρυξᾱ, βρύ̄κω 'beiße'",,I am grinding my teeth.,"daneben durch Entgleisung aus βρύξω, ἔβρυξᾱ, βρύ̄κω 'beiße' [UNKNOWN]"
1,"gu̯rēug̑h-, gu̯rū̆g̑h-",gr.,βρύγδην,beißend,,,biting,
2,"gu̯rēug̑h-, gu̯rū̆g̑h-",gr.,βρυγμός,Zähneknirschen,,,Teeth grinding,
3,"gu̯rēug̑h-, gu̯rū̆g̑h-",gr.,βρῡχετός,kaltes Fieber,('Zähneklappern'),,cold fever,Chattering of teeth
4,"gu̯rēug̑h-, gu̯rū̆g̑h-",air.,brōn,Kummer,,,Worry or grief,
5,"gu̯rēug̑h-, gu̯rū̆g̑h-",cymr.,brwyn,stechender Schmerz,urkelt. *brŭgnos,,stabbing pain,urkelt. *brŭgnos [UNKNOWN]
6,"gu̯rēug̑h-, gu̯rū̆g̑h-",lit.,"gráužiu, gráužti",nagen,,,gnaw,
,,,,,,,,
8,"gu̯rēug̑h-, gu̯rū̆g̑h-",lit.,sugrùžinti,vernichten,,,to annihilate/destroy,
9,"gu̯rēug̑h-, gu̯rū̆g̑h-",aksl.,"gryzǫ, grysti",nagen,in andern slav. Sprachen auch von nagendem Kummer; hierher wohl auch sloven. \grúže Pl. f. 'Krätze',,gnaw,in other Slavic languages also means nagging sorrow; probably also Slovenian \grúže\ plural feminine 'scabies'
,,,,,,,,
11,"gu̯rēug̑h-, gu̯rū̆g̑h-",russ.,grustь,Kummer,Zu gryzǫ wahrscheinlich,,Worry or grief,Zu gryzǫ [UNKNOWN]
12,"gu̯rēug̑h-, gu̯rū̆g̑h-",sloven.,grûst,Ekel,Zu gryzǫ wahrscheinlich,,Disgust,Zu gryzǫ [UNKNOWN]
0,g̑hu̯elg-,gr.,θέλγω,"bezaubere, umschmeichle",unwahrscheinlich oben S. 247,,"enchant, flatter",unlikely above p. 247
1,g̑hu̯elg-,lit.,"žvelgiù, žvel̃gti",anblicken,,,To look at,
2,g̑hu̯elg-,lit.,"žvalgaũ, žvalgýti","to glance, look at",Iterat.,,"to glance, look at",Iterat. [UNKNOWN]
3,g̑hu̯elg-,lit.,žvil̃gis,Blick,m.,,View,m.
4,g̑hu̯elg-,lit.,"žvìlgiu, žvilgė́ti",kurz hinblicken,,,take a quick look,
0,gu̯hemb-,gr.,ἀθεμβοῦσα,ἀκολασταίνουσα ('ausgelassen'),Hes.,,being boisterous,Hes. [UNKNOWN]
,,,,,,,,
2,gu̯hemb-,mhd.,gampen,springen,,,jump,
3,gu̯hemb-,mhd.,gumpen,springen,,,jump,
4,gu̯hemb-,mhd.,gampel,"lustiges mutwilliges Springen, Possenspiel",,,"funny willful jumping, farce",
5,gu̯hemb-,mhd.,gumpel,"lustiges mutwilliges Springen, Possenspiel",,,"funny willful jumping, farce",
6,gu̯hemb-,mhd.,gümpel,Gimpel,,,Gimpel,
7,gu̯hemb-,nhd.,Gimpel,Gimpel,,,Gimpel,
8,gu̯hemb-,mhd.,gampf,das Schwanken,mit oberdeutscher Lautverschiebung,,the swaying,with Upper German sound shift
9,gu̯hemb-,norw. dial.,gimpa,"wippen, schaukeln",,,"rocking, swinging",
10,gu̯hemb-,norw. dial.,gamp,"großer schwerfälliger Kerl, plumpes Pferd",m.,,"big clumsy guy, chubby horse",m.
11,gu̯hemb-,aisl.,gaman,"Freude, Lustigkeit, Wollust",Eine kürzere Wzf. gʷhem- vielleicht in,,"Joy, merriment, lust",A shorter word form gʷhem- perhaps in [UNKNOWN]
12,gu̯hemb-,ahd.,gaman,"Freude, Lustigkeit, Wollust",Eine kürzere Wzf. gʷhem- vielleicht in,,"Joy, merriment, lust",A shorter word form gʷhem- perhaps in [UNKNOWN]
0,g̑hu̯en-,arm.,jain,Stimme,"*ĝhu̯on-\i̯i-, i-St. mit i-Epenthese",,Voice,"*ĝhu̯on-\i̯i-, i-class with i-epenthesis."
1,g̑hu̯en-,tosk.,zē̈,Stimme,,,Voice,
2,g̑hu̯en-,geg.,zâ,Stimme,ĝhu̯ono-s,,Voice,ĝhu̯ono-s [UNKNOWN]
3,g̑hu̯en-,russ.-ksl.,zvьnju,"klingen, tönen",,,"sound, resonate",
4,g̑hu̯en-,russ.-ksl.,zvьně́ti,"klingen, tönen",,,"sound, resonate",
5,g̑hu̯en-,russ.,zvenětь,"klingen, tönen",,,"sound, resonate",
6,g̑hu̯en-,ačech.,zvnieti,"klingen, tönen",,,"sound, resonate",
7,g̑hu̯en-,čech.,zníti,"klingen, tönen",,,"sound, resonate",
8,g̑hu̯en-,altpoln.,wznieć,"klingen, tönen",,,"sound, resonate",
9,g̑hu̯en-,aksl.,zvonъ,Ton,ablautend,,Sound,showing ablaut
10,g̑hu̯en-,sl.,zvộn,Glocke,,,Bell,
11,g̑hu̯en-,bulg.,zvъnъ,"Klang, Schall",,,"Sound, resonance",
12,g̑hu̯en-,bulg.,zvъnecъ,Glocke,,,Bell,
13,g̑hu̯en-,skr.,zvȍno,to sound,,,zu klingen,
14,g̑hu̯en-,russ. čech.,zvon,to sound,,,zu klingen,
15,g̑hu̯en-,poln.,dzwon,"Schall, Glocke",,,"Sound, bell",
16,g̑hu̯en-,lit.,"žvéngiu, žvéngti",wiehern,baltoslav. Wurzelerweiterung ĝhu̯eng-,,neigh,baltoslav. root extension ĝhu̯eng-
,,,,,,,,
18,g̑hu̯en-,lit.,"su-žviǹgu, -žvìngti",in Wiehern ausbrechen,baltoslav. Wurzelerweiterung ĝhu̯eng-,,to break out in neighing.,baltoslav. root extension ĝhu̯eng-
,,,,,,,,
20,g̑hu̯en-,lit.,žvangùs,"laut, schallend",baltoslav. Wurzelerweiterung ĝhu̯eng-,,"loud, resounding",baltoslav. root extension ĝhu̯eng-
21,g̑hu̯en-,lit.,"žvángu, žvangė́ti","rasseln, klingen, klirren",baltoslav. Wurzelerweiterung ĝhu̯eng-,,"rattle, ring, clink",baltoslav. root extension ĝhu̯eng-
,,,,,,,,
23,g̑hu̯en-,lett.,zvìegt,wiehern,baltoslav. Wurzelerweiterung ĝhu̯eng-,,neigh,baltoslav. root extension ĝhu̯eng-
24,g̑hu̯en-,aksl.,zvęgǫ,verkünde,baltoslav. Wurzelerweiterung ĝhu̯eng-,,announce,baltoslav. root extension ĝhu̯eng-
25,g̑hu̯en-,russ.-ksl.,zvjagu,"singe, schwatze",baltoslav. Wurzelerweiterung ĝhu̯eng-,,"sing, chat",baltoslav. root extension ĝhu̯eng-
26,g̑hu̯en-,russ. dial.,zvjagù,to sound,baltoslav. Wurzelerweiterung ĝhu̯eng-,,zu klingen,baltoslav. root extension ĝhu̯eng-
27,g̑hu̯en-,russ. dial.,zvjačь,bellen,baltoslav. Wurzelerweiterung ĝhu̯eng-,,to bark,baltoslav. root extension ĝhu̯eng-
28,g̑hu̯en-,aksl.,zvękъ,Klang,slav. Wurzelerweiterung ĝhu̯enk-,,Sound,slavic root extension ĝhu̯enk-
29,g̑hu̯en-,aksl.,zvęknǫti,tönen,slav. Wurzelerweiterung ĝhu̯enk-,,to tone,slavic root extension ĝhu̯enk-
30,g̑hu̯en-,aksl.,zvęcati,rufen,slav. Wurzelerweiterung ĝhu̯enk-,,call or shout,slavic root extension ĝhu̯enk-
31,g̑hu̯en-,skr.,zvêk,Klang,slav. Wurzelerweiterung ĝhu̯enk-,,Sound,slavic root extension ĝhu̯enk-
32,g̑hu̯en-,poln.,zwięk,"Klang, Schall",slav. Wurzelerweiterung ĝhu̯enk-,,"Sound, resonance",slavic root extension ĝhu̯enk-
33,g̑hu̯en-,poln.,dźwięk,"Klang, Schall",slav. Wurzelerweiterung ĝhu̯enk-,,"Sound, resonance",slavic root extension ĝhu̯enk-
34,g̑hu̯en-,aksl.,zvǫkъ,Klang,"slav. Wurzelerweiterung ĝhu̯enk-, ablautend",,Sound,"Slavic root extension ĝhu̯enk-, ablauting"
35,g̑hu̯en-,russ.,zvuk,"Ton, Laut, Schall",slav. Wurzelerweiterung ĝhu̯enk-,,"Sound, volume, noise",slavic root extension ĝhu̯enk-
36,g̑hu̯en-,čech.,zvuk,"Ton, Laut, Schall",slav. Wurzelerweiterung ĝhu̯enk-,,"Sound, volume, noise",slavic root extension ĝhu̯enk-
37,g̑hu̯en-,bulg.,zvъntja,"schallen, klingen",slav. Wurzelerweiterung ĝhu̯ent-,,"resound, ring",slav. root extension ĝhu̯ent-
0,"g̑hu̯ōku̯-, g̑hu̯əku̯-",gr.,διαφάσσειν,διαφαίνειν,Hes.,,to make evident or reveal,Hes. [UNKNOWN]
,,,,,,,,
2,"g̑hu̯ōku̯-, g̑hu̯əku̯-",gr.,φώψ,φάος,Hes.,,light,Hes. [UNKNOWN]
,,,,,,,,
4,"g̑hu̯ōku̯-, g̑hu̯əku̯-",gr.,παραι-φάσσει,τινάσ-σει,Hes.,,it will throw you,Hes. [UNKNOWN]
,,,,,,,,
6,"g̑hu̯ōku̯-, g̑hu̯əku̯-",gr.,παιφάσσω,"bewege mich schnell, zucke (*funkle)",redupliziert,,"move quickly, twitch (*sparkle)",reduplicated
7,"g̑hu̯ōku̯-, g̑hu̯əku̯-",lat.,"fax, facis",Fackel; Anstifter,alt \facēs; f.,,Torch; Instigator,alt \facēs; feminine
,,,,,,,,
,,,,,,,,
10,"g̑hu̯ōku̯-, g̑hu̯əku̯-",lat.,facula,Fackel,Demin.,,Torch,Demin. [UNKNOWN]
11,"g̑hu̯ōku̯-, g̑hu̯əku̯-",lat.,facētus,"elegant, witzig",,,"elegant, witty",
12,"g̑hu̯ōku̯-, g̑hu̯əku̯-",lat.,"facētia, -ae",witzige Einfälle,,,funny ideas,
,,,,,,,,
14,"g̑hu̯ōku̯-, g̑hu̯əku̯-",lit.,žvãkė,Kerze,,,Candle,
0,"īl-, īlu-",gr.,"ἰλύ̄ς, -ύος","Schlamm, Kot",f.,,"Mud, feces",f. [UNKNOWN]
,"īl-, īlu-",gr.,εἰλύ,μέλαν,Hes. (d. i. ἰλύ),,black,Hes. (i.e. ἰλύ) [UNKNOWN]
1,"īl-, īlu-",lett.,īls,stockfinster,\*īlus,,pitch black,"\*īlus"" [UNKNOWN]"
2,"īl-, īlu-",aksl.,ilъ,lutum,,,clay,
3,"īl-, īlu-",russ.,ił,Schlamm,Gen. \íła,,Mud,Gen. \íła [UNKNOWN]
4,"īl-, īlu-",čech.,jíl,"Schlamm, Lehm, Ton",,,"Mud, clay, clay",
5,"īl-, īlu-",poln.,"ił, jeł","Letten, Ton",,,"Lithuanians, sound",
6,"īl-, īlu-",russ.,jeléс,,Gen. \jelcá; wozu vielleicht der Name des im Schlamm lebenden Weißfisches (Squalius vulgaris),,,Gen. \jelcá; wozu vielleicht der Name des im Schlamm lebenden Weißfisches (Squalius vulgaris)
7,"īl-, īlu-",čech.,"jelec, jilec",,wozu vielleicht der Name des im Schlamm lebenden Weißfisches (Squalius vulgaris),,,what is perhaps the name of the white fish (Squalius vulgaris) living in the mud
8,"īl-, īlu-",poln.,jelec,,wozu vielleicht der Name des im Schlamm lebenden Weißfisches (Squalius vulgaris),,,what is perhaps the name of the white fish (Squalius vulgaris) living in the mud
9,"īl-, īlu-",nsorb.,jalica,,zum Anlautswechsel vgl. unten __īli-__ 'Weichen',,,"with regard to initial sound change, see below __īli-__ 'deviate'"
0,i̯agh-,ahd.,jagōn,jagen,,,hunting,
1,i̯agh-,holl.,jagen,jagen,,,hunting,
2,i̯agh-,nhd.,jagen,jagen,,,hunting,
3,i̯agh-,mhd.,jaget,Jagd,*jagōþ,,Hunting,*jagōþ [UNKNOWN]
4,i̯agh-,nhd.,Jagd,Jagd,,,Hunting,
5,i̯agh-,mnd.,jacht,Jagd,,,Hunting,
6,i̯agh-,holl.,jacht,Jagd,,,Hunting,
7,i̯agh-,ai.,yahú-,"rastlos, rasch dahinschießend","vielleicht nach Graßmann Wb. 1001; Bei den nicht ganz geklärten Bedeutungsverhältnissen von yahú-, yahvá- etwas zweifelhafter Ansatz",,"restless, rapidly shooting along","perhaps according to Graßmann Wb. 1001; in the not entirely clarified meaning relationships of yahú-, yahvá- somewhat doubtful approach"
8,i̯agh-,ai.,yahvá-,"rastlos, rasch dahinschießend","Bei den nicht ganz geklärten Bedeutungsverhältnissen von yahú-, yahvá- etwas zweifelhafter Ansatz",,"restless, rapidly shooting along","With the not completely clarified semantic relationships of yahú-, yahvá- a somewhat questionable approach [UNKNOWN]"
9,i̯agh-,ai.,yahvī́,"rastlos, rasch dahinschießend (von Flüssen)","aber \sáhasō \yahúḥ 'Sohn der Kraft', wobei der Begriff 'Kind, Sohn' wohl aus 'der muntere, bewegliche' entwickelt sei",,"restless, quickly rushing (of rivers)","but \sáhasō \yahúḥ 'Son of strength', whereby the concept 'child, son' is likely derived from 'the brisk, agile'"
10,i̯agh-,av.,yazuš puϑrō,der jüngste Sohn,jedenfalls entspricht der letzteren Verwendung,,the youngest son,"in any case, it corresponds to the latter usage"
,,,,,,,,
12,i̯agh-,av.,yezivī dugədrąm,die jüngste der Töchter,Bartholomae Airan. Wb. 1280,,the youngest of the daughters,Bartholomae Airan. Wb. 1280 [UNKNOWN]
13,i̯agh-,ai.,(pra-)yakṣati,"dringt vor, eilt, strebt",,,"pushes forward, hurries, strives",
14,i̯agh-,ai.,yakṣin-,"eifrig, lebendig","nach Graßmann 'verfolgend, rächend'",,"eager, lively","according to Graßmann 'pursuing, avenging'"
15,i̯agh-,ai.,yakṣya-,"rührig, schnell züngelnd",s-Bildungen zum vorigen,,"active, fast-tongued",s-formations to the previous
0,"i̯ā̆m-, or i̯em- : i̯em- : i̯ōm-",gr.,ἄμη,"Schaufel, Hacke",,,"Shovel, hoe",
1,"i̯ā̆m-, or i̯em- : i̯em- : i̯ōm-",gr.,δι-αμάω,"grabe auf, scharre auf",,,"dig up, scratch up",
2,"i̯ā̆m-, or i̯em- : i̯em- : i̯ōm-",gr.,ἐξαμάω,grabe aus,,,dig out,
3,"i̯ā̆m-, or i̯em- : i̯em- : i̯ōm-",gr.,ἀμάρᾱ,"Graben, Kanal, Furche",,,"Trench, canal, furrow",
4,"i̯ā̆m-, or i̯em- : i̯em- : i̯ōm-",gr.,ἀμαρεύω,bewässere,,,water,
5,"i̯ā̆m-, or i̯em- : i̯em- : i̯ōm-",aksl.,jama,Grube,ursprünglich Anlaut j- erwiesen durch das Abg. und durch das dial. russ.,,Pit/Mine,originally initial sound j- proven by the Old High German and by the dialectal Russian.
6,"i̯ā̆m-, or i̯em- : i̯em- : i̯ōm-",abg.,ńama,,"erwachsen aus *vъn-jamě, *jamǫ",,,"grown from *vъn-jamě, *jamǫ"
7,"i̯ā̆m-, or i̯em- : i̯em- : i̯ōm-",dial. russ.,ńama,,"erwachsen aus *vъn-jamě, *jamǫ",,,"grown from *vъn-jamě, *jamǫ"
0,iēlo- : i̯əlo-,gall.,-ialo-,Lichtung,"oft in ON, wie \Nanto-ialo-, frz. \Nanteuil 'Tal-Lichtung', usw.",,Clearing,"often in ON (Old Norse), such as \Nanto-ialo-, French \Nanteuil 'valley clearing', etc."
1,iēlo- : i̯əlo-,cymr.,ial,Lichtung,ON \Ial (J. Loth Mabinogion^^2^^ II 356),,Clearing,ON \Ial (J. Loth Mabinogion^^2^^ II 356) [UNKNOWN]
2,iēlo- : i̯əlo-,cymr.,an-ial,Einöde,,,Desolation/Barren land,
3,iēlo- : i̯əlo-,lett.,jêls,"unreif, unbearbeitet, roh, wund (von der Haut)",,,"immature, unprocessed, raw, sore (from the skin)",
,,,,,,,,
,,,,,,,,
6,iēlo- : i̯əlo-,russ.,jáłyj,"unfruchtbar, unbearbeitet (vom Lande)",slav. *jalъ,,"infertile, uncultivated (from the countryside)",slav. *jalъ [UNKNOWN]
7,iēlo- : i̯əlo-,russ.,jáłovyj,"unfruchtbar, unbearbeitet (vom Lande)",slav. *jalovъ,,"infertile, uncultivated (from the countryside)",slav. *jalovъ [UNKNOWN]
8,iēlo- : i̯əlo-,serb.,jȁlov,"unfruchtbar, gelt",slav. *jalovъ,,"infertile, valid",slav. *jalovъ [UNKNOWN]
9,iēlo- : i̯əlo-,čech.,jalový,"unfruchtbar, gelt",slav. *jalovъ,,"infertile, valid",slav. *jalovъ [UNKNOWN]
10,iēlo- : i̯əlo-,poln.,jałowizna,"leere, wüste Stelle",slav. *jalovъ,,"empty, desolate spot",slav. *jalovъ [UNKNOWN]
0,"i̯énəter-, weak case i̯enətr-, i̯n̥̄tr-",ai.,yā́tar-,die Frau des Bruders des Gatten,Akzent der starken + Vokalismus der schwachen Kasus,,the wife of the brother of the husband,Accent of the strong + vocalism of the weak cases.
1,"i̯énəter-, weak case i̯enətr-, i̯n̥̄tr-",arm.,ner,die Frauen von Brüdern oder desselben Mannes,"richtiger nēr, Gen. niri; zur Grundf. Vermutungen bei Hübschmann Arm. Gr. I 478; Bugge IF. 1, 445, 449, Meillet BSL. 30, CR. 90, zuletzt Cuny Recherches 66 f.",,the wives of brothers or the same man,"richtiger nēr, Gen. niri; for the basic conjectures, see Hübschmann Arm. Gr. I 478; Bugge IF. 1, 445, 449, Meillet BSL. 30, CR. 90, recently Cuny Recherches 66 f."
,,,,,,,,
3,"i̯énəter-, weak case i̯enətr-, i̯n̥̄tr-",phryg.,ιανατερα,die Frau des Bruders des Gatten,Akkusativ,,the wife of the brother of the husband,Accusative
4,"i̯énəter-, weak case i̯enətr-, i̯n̥̄tr-",gr.,ἐνάτηρ,die Frau des Bruders des Gatten,ion. Psilose,,the wife of the brother of the husband,ion. Psilosis [UNKNOWN]
5,"i̯énəter-, weak case i̯enətr-, i̯n̥̄tr-",hom.,"εἰνατέρες, -έρων",sister-in-law,εἰ- Ausdruck der metr. Dehnung für ἐν-,,sister-in-law,εἰ- Expression of metrical lengthening for ἐν-
6,"i̯énəter-, weak case i̯enətr-, i̯n̥̄tr-",gr.,ἐνατρί,die Frau des Bruders des Gatten,inschr. (kleinas.-gr.) ἐνατρί,,the wife of the brother of the husband,inscribed (small-Ancient Greek) ἐνατρί [UNKNOWN]
7,"i̯énəter-, weak case i̯enətr-, i̯n̥̄tr-",lat.,janitrīcēs,die Ehefrauen von Brüdern,Erweiterung von \*ianiter nach dem Fem. der Nomina agentis auf \-īc-; das \i stammt von \*ianiter,,the wives of brothers,Expansion of \*ianiter according to the feminine of the Nomina agentis on \-īc-; the \i stems from \*ianiter
8,"i̯énəter-, weak case i̯enətr-, i̯n̥̄tr-",alit.,"*jéntė, -ers",die Ehefrauen von Brüdern,"\gentė, \žentė durch Kreuzung mit gentìs 'Verwandter', \žéntas 'Schwiegersohn'",,the wives of brothers,"\gentė, \žentė through crossing with gentìs 'relative', \žéntas 'son-in-law'."
9,"i̯énəter-, weak case i̯enətr-, i̯n̥̄tr-",lett.,"ìetere, iẽtal'a",die Ehefrauen von Brüdern,,,the wives of brothers,
,"i̯énəter-, weak case i̯enətr-, i̯n̥̄tr-",kurisch,jentere,die Ehefrauen von Brüdern,,,the wives of brothers,
10,"i̯énəter-, weak case i̯enətr-, i̯n̥̄tr-",aksl.,*jętry,die Ehefrauen von Brüdern,Ausgang nach svekry,,the wives of brothers,Leaving to mother-in-law [UNKNOWN]
11,"i̯énəter-, weak case i̯enətr-, i̯n̥̄tr-",russ.-ksl.,jatry,die Ehefrauen von Brüdern,,,the wives of brothers,
12,"i̯énəter-, weak case i̯enətr-, i̯n̥̄tr-",serb.,jêtrva,die Ehefrauen von Brüdern,,,the wives of brothers,
0,i̯et-,ai.,"yátati, -te","schließt an, fügt aneinander; strebt wonach",nach Pet. Wb.,,"connects, adds together; strives for what",according to Pet. Wb.
1,i̯et-,ai.,"yátati, -te","kommt gleich, ist ebenbürtig, eifert nach, wetteifert; ist eifersüchtig, beneidet, streitet; drängt sich vor, stürmt, sputet sich, eilt, marschiert","nach Geldner Ved. St. 3, 11 ff. (Zweifel bei Sommer Gr. Lautst. 157)",,"arrives simultaneously, is equal, emulates, competes; is jealous, envies, argues; pushes ahead, storms, hurries, rushes, marches.","according to Geldner Ved. St. 3, 11 ff. (doubts by Sommer Gr. Lautst. 157)"
2,i̯et-,ai.,yātáyati,"verbündet, vereinigt; zieht zur Verantwortung, belangt, ahndet",,,"allied, united; holds accountable, prosecutes, punishes.",
3,i̯et-,ai.,yáti,Asket ('*Streber'),,,Ascetic ('*Nerd'),
4,i̯et-,ai.,yatúna-,strebsam,,,diligent/hardworking,
5,i̯et-,ai.,yatná-,"Bestrebung, Bemühung, Anstrengung, Mühe",,,"Endeavor, effort, exertion, trouble",
6,i̯et-,av.,"yateiti, yatayeiti","setzt sich in Bewegung (Perf. im Gange sein), rührt sich, ist emsig, bemüht sich eifrig",,,"sets in motion (Perfect tense in progress), stirs, is diligent, strives eagerly",
7,i̯et-,av.,"frā-yateiti, -yatayeiti",kommt heran; geht jemanden um etwas an,,,come closer; approach someone about something,
8,i̯et-,av.,yātayeiti,"bringt zur Verwendung, betreibt, befaßt sich womit, befleißigt sich",,,"brings for use, operates, engages in, endeavors",
9,i̯et-,cymr.,add-iad,Sehnsucht,,,Longing,
10,i̯et-,gall.,Ad-ietu-mārus,PN,,,Private message,
11,i̯et-,gall.,Ad-iatunnus,PN,,,Private message,
12,i̯et-,gall.,Ad-ietuanus,PN,: ai. \yatú-na-,,Private message,ai. \yatú-na- [UNKNOWN]
,,,,,,,,
14,i̯et-,cymr.,add-iant,Sehnsucht,vgl. mit Nasalsuffix ai. \yat-ná-,,Longing,compare with nasal suffix ai. \yat-ná-
15,i̯et-,ir.,ēt,"Eifer, Eifersucht",,,"Zeal, jealousy",
16,i̯et-,nir.,éad,"Eifer, Eifersucht",,,"Zeal, jealousy",
17,i̯et-,gall.,"Iantu-māros, Ientu-māros",PN,\= ir. \ētmar `eifersüchtig',,Private message,\= ir. \ētmar `jealous'
18,i̯et-,ir.,ētmar,eifersüchtig,,,jealous,
19,i̯et-,air.,ītu,Durst,Akk. \ītith; vielleicht aus dehnstuf. \*i̯ētu-tut-s,,Thirst,Acc. \ītith; possibly derived from the ablaut grade \*i̯ētu-tut-s.
,,,,,,,,
21,i̯et-,nir.,íota,Durst,,,Thirst,
22,i̯et-,toch. A,yat,"erreichen, erlangen",vielleicht,,"achieve, obtain",maybe
23,i̯et-,toch. A,yatatär,"erreichen, erlangen",Präs. Med.,,"achieve, obtain",Präs. Med. [UNKNOWN]
24,i̯et-,toch. B,yototär,"to set out, strive for","Präs. Med., Schulze-Sieg Toch. Gr. 487, Van Windekens Lexique 167, Pedersen Toch. 221",,"to set out, strive for","Präs. Med., Schulze-Sieg Toch. Gr. 487, Van Windekens Lexique 167, Pedersen Toch. 221 [UNKNOWN]"
25,i̯et-,toch. AB,yāt,"fähig sein, befehlen",Van Windekens aaO.,,"to be capable, to command",Van Windekens in the aforementioned work.
0,i̯eug̑-,av.,yaozaiti,"regt sich auf (vom Wasser, von unruhigen Ländern)",,,"gets agitated (by water, by restless countries)",
1,i̯eug̑-,av.,yaōšti-,"Rührigkeit, Regsamkeit",,,"Activity, Proactiveness",
2,i̯eug̑-,arm.,yuzem,rege auf,ist iran. Lw.,,Get upset,is Iran. Lw. [UNKNOWN]
3,i̯eug̑-,got.,jiuka,"Zorn, Streit",,,"Anger, conflict",
4,i̯eug̑-,got.,jiukan,kämpfen,,,to fight,
5,i̯eug̑-,mhd.,jouchen,"treiben, jagen",,,"drive, hunt",
6,i̯eug̑-,mhd.,jöuchen,"treiben, jagen",,,"drive, hunt",
7,i̯eug̑-,ags.,gēocor,full of hardship,,,full of hardship,
8,i̯eug̑-,ags.,gēocre,streng,Adv.,,strict,Adv.
9,i̯eug̑-,toch. A,yok-,besiegen,,,to defeat,
10,i̯eug̑-,toch. A,yuk-,besiegen,,,to defeat,
,i̯eug̑-,toch. B,yuk-,besiegen,,,to defeat,
0,"i̯eu-ni-, or i̯ou-ni-",ai.,yṓni,Aufenthaltsort,m.,,place of residence,m.
1,"i̯eu-ni-, or i̯ou-ni-",ai.,yṓni,Mutterleib,f.,,Womb,f. [UNKNOWN]
2,"i̯eu-ni-, or i̯ou-ni-",av.,yaonəm,Weg,"wohl aus \yaonim, siehe Wackernagel KZ. 46, 266",,Path,"wohl aus \yaonim, siehe Wackernagel KZ. 46, 266 [UNKNOWN]"
3,"i̯eu-ni-, or i̯ou-ni-",ai.,syoná,behaglich,"aus \*su-yoná-, Wackernagel KZ. 61, 203f.",,cozy,"from *su-yoná-, Wackernagel KZ. 61, 203f."
4,"i̯eu-ni-, or i̯ou-ni-",air.,úain,"Gelegenheit (d. i. richtiger Platz = richtige Zeit), Muße, Zeit",,,"Opportunity (i.e. right place = right time), leisure, time",
0,i̯oi-ni-,lat.,iuncus,Binse,"\*i̯oini-ko-s\;  über lat. \iūniperus\ 'Wacholderstrauch' s. WH. I 731, 870 und Leumann Gl. 27, 74",,Reed grass,"*i̯oini-ko-s; via Latin iūniperus 'juniper bush' see WH. I 731, 870 and Leumann Gl. 27, 74"
1,i̯oi-ni-,mir.,aín,Binse,\*i̯oini\-; Gen. \aíne\,,Reed grass,\*i̯oini-; Gen. \aíne\ [UNKNOWN]
2,i̯oi-ni-,aisl.,einir,Wacholder,,,Juniper,
3,i̯oi-ni-,schwed.,en,Wacholder,,,Juniper,
4,i̯oi-ni-,ndd.,ēn(e)ke,Wacholder,"falls aus \*jainia-\, wodurch der Bedeutungswechsel Binse : Wacholder (s. oben) als alt gesichert würde.",,Juniper,"if from \*jainia-, thereby confirming the old change in meaning from ""Binse"" to ""Wacholder"" (see above)."
5,i̯oi-ni-,mnd.,eynholz,juniper wood,Doch ist dann bei mnd. \eynholz\ und nhd. \Einbeerbaum\ (aus aisl. \eini-ber\ 'Wacholderbeere') Einfluß von \ein\ 'ein' anzunehmen.,not sure if E is correct,Wacholderholz,"However, in Middle Low German \eynholz\ and Modern High German \Einbeerbaum\ (from Old Norse \eini-ber\ 'juniper berry'), influence from \ein\ 'one' can be assumed."
6,i̯oi-ni-,nhd.,Einbeerbaum,lingonberry tree,(aus aisl. \eini-ber\ 'Wacholderbeere') Einfluß von \ein\ 'ein' anzunehmen.,,lingonberry tree,(from Old Norse \eini-ber\ 'juniper berry') to assume the influence of \ein\ 'one'.
0,i̯ork-,gr.,ζόρξ,"Reh, Gazelle'",,,"Deer, gazelle",
1,i̯ork-,gr.,ζορκάς,"Reh, Gazelle'",,,"Deer, gazelle",
2,i̯ork-,gr.,"δόρξ, δορκός","Reh, Gazelle'",mit volksetym. Anschluß an δέρκομαι meist,,"Deer, gazelle","with folk etym. connection to δέρκομαι, mostly"
,,,,,,,,
4,i̯ork-,gr.,δορκάς,"Reh, Gazelle'",f.,,"Deer, gazelle",f. [UNKNOWN]
5,i̯ork-,gr.,δόρκος,"Reh, Gazelle'",m.,,"Deer, gazelle",m.
6,i̯ork-,gall.-rom.,*i̯orkos,Reh',,,Deer',
7,i̯ork-,cymr.,iwrch,caprea mas',,,caprea more,
8,i̯ork-,corn.,yorch,Reh',,,Deer',
9,i̯ork-,bret.,iourc'h,Reh',vermutlich aus dem Keltischen stammen die späteren vereinzelten Formen,,Deer',presumably the later isolated forms are of Celtic origin.
10,i̯ork-,gr.,ἴορκος,"Reh, Gazelle'",bei Opp. und Hes.,,"Deer, gazelle",with Opp. and Hes.
11,i̯ork-,gr.,ἴορκες,"Reh, Gazelle'",bei Opp. und Hes.,,"Deer, gazelle",with Opp. and Hes.
12,i̯ork-,gr.,ἴυρκες,"Reh, Gazelle'",bei Opp. und Hes.,,"Deer, gazelle",with Opp. and Hes.
13,i̯ork-,gall.,Jurca,FN,,,FN,
0,kā̆d-,ai.,kadana-,Vernichtung,,,Destruction,
1,kā̆d-,ai.,cakāda kadanam,habe eine Vernichtung angerichtet,"unsicher, ob nicht \cakāra\?",,have caused destruction,"unsure, if not \cakāra\?"
,,,,,,,,
3,kā̆d-,gr. hom.,κεκαδών,beraubend,,,breathtaking,
4,kā̆d-,gr. hom.,κεκαδήσει,wird berauben,,,will be robbed,
5,kā̆d-,gr. hom.,κεκαδῆσαι,"βλάψαι, κακῶσαι, στερῆσαι",Hes.,,"Inflict harm, do evil, deprive",Hes. [UNKNOWN]
6,kā̆d-,gr. hom.,κεκάδονto,sie wichen,in medial-pass. Bed.,,they gave way,in medial-passive voice.
7,kā̆d-,gr. hom.,ἐκεκήδει,ὑπε(κε)χωρήκει,Konjektur; Hes.,,he/she/it had withdrawn,Conjecture; Hes.
8,kā̆d-,gr. hom.,ἀποκαδέω,ἀσθενέω,Hes.,,I am weak.,Hes. [UNKNOWN]
9,kā̆d-,gr. hom.,κάδυρος,κάπρος ἄνορχις,Hes.,,capros anorchis,Hes. [UNKNOWN]
0,2. k̑ad-,ai.,śāśadúḥ,"sich auszeichnen, hervorragen",Perfektum,,"to excel, to stand out",Perfect tense
1,2. k̑ad-,ai.,śāśadāna-,"sich auszeichnen, hervorragen",Partizip,,"to excel, to stand out",Participle.
2,2. k̑ad-,gr.,κέκασμαι,sich auszeichnen,Perfektum,,to distinguish oneself,Perfect tense
3,2. k̑ad-,gr.,ἐκεκάσμην,sich auszeichnen,Plusqpf.,,to distinguish oneself,Plusqpf. [UNKNOWN]
4,2. k̑ad-,gr.,κεκασμένος,sich auszeichnen,"Partizip, homerisch Aisch.",,to distinguish oneself,"Participle, Homeric Aisch."
5,2. k̑ad-,gr.,κεκαδμένος,prangend,Pind.,,glaring,[UNKNOWN]
6,2. k̑ad-,gr.,Κάστωρ,der Glänzende,eigentlich (?),,the shiny one,eigentlich (?) [UNKNOWN]
7,2. k̑ad-,gr.,Καστι-άνειρα,unter Männern ausgezeichnet,usw.,,excellent among men,etc.
8,2. k̑ad-,gr.,κάστωρ,Biber,"m., mit Übertragung des GN wegen der Heilwirkung des Bibergeils",,Beaver,"m., with transfer of the GN because of the healing effect of beaver musk"
9,2. k̑ad-,gr.,καστόριον,Moschus,"> ai. \kastūrī\ 'Moschus', f.",,Musk,"ai. \kastūrī\ 'Moschus', feminine."
10,2. k̑ad-,gr.,καίνυμαι,"surpass, overcome",Präsens; Neubildung nach δαίνυμαι,,"surpass, overcome",Present tense; neologism based on δαίνυμαι
11,2. k̑ad-,mir.,cā(i)d,heilig,vielleicht,,holy,maybe
12,2. k̑ad-,gall.,caddos,sanctus,"vielleicht; C. Gl. L. V 493, 30",,holy,"vielleicht; C. Gl. L. V 493, 30 [UNKNOWN]"
13,2. k̑ad-,abrit.,Belatu-cadrus,Beiname des `Kriegsgottes'??,Umbildung eines \*katros\ `tapfer' (vgl. __kat-__ `kämpfen') zu \kadros\ wäre freilich nicht ganz ausgeschlossen.,,Epithet of the 'god of war'?,Transformation of a *katros `brave' (cf. __kat-__ `to fight') to \kadros\ would certainly not be completely excluded.
,,,,,,,,
,,,,,,,,
0,"kaik̑-, or koik̑-",ai.,kéśa,Haupthaar,,,Main hair,
1,"kaik̑-, or koik̑-",ai.,kēśín,mähnig,"wie aksl. \kosa\ 'Haar' : \česati\ 'kämmen' von \*kes-\ 'kratzen, kämmen'",,maned,"like aksl. \kosa\ 'hair' : \česati\ 'to comb' from \*kes-\ 'to scratch, to comb'"
2,"kaik̑-, or koik̑-",lit.,kaĩšti,"schaben, reiben, glätten",,,"scrape, rub, smooth",
3,"kaik̑-, or koik̑-",lit.,iškaĩšti,"Glas, Holz u. dgl. innen glatt machen",,,"Make glass, wood, etc. smooth on the inside.",
4,"kaik̑-, or koik̑-",lit.,kaĩštuvas,Glättinstrument der Böttcher,,,Smoothing tool of the cooper,
5,"kaik̑-, or koik̑-",apr.,coysnis,Kamm,,,Comb,
6,"kaik̑-, or koik̑-",apr.,coestue,"Kamm, Bürste",,,"Comb, brush",
7,"kaik̑-, or koik̑-",abg.,cěsta,"Weg, Straße",als 'geglätteter Weg',,"Path, road",as 'smooth path'
0,kais-,ai.,kēsara-,"Haar, Mähne","\s\ statt \ṣ\ aus einer Form \*kēsra-\, z. B. Wackernagel Ai. Gr. I 232; vgl. oben \kéśa-\ unter \kaik̂-\;",,"Hair, mane","\s\ instead of \ṣ\ from a form \*kēsra-\, e.g. Wackernagel Ai. Gr. I 232; cf. above \kéśa-\ under \kaik̂-\;"
1,kais-,lat.,caesariēs,Haupthaar,Rhotazismus unterblieben zur Vermeidung zweier r,,Main hair,Rhotacism omitted to avoid two r
2,kais-,toch. A,śiśäk,Löwe,"s. Van Windekens Lexique 120 f., E. Schwentner IF. 57, 59, Pedersen Toch. 247",,Lion,"see Van Windekens Lexique 120 f., E. Schwentner IF. 57, 59, Pedersen Toch. 247"
3,kais-,toch. B,ṣecake,Löwe,"s. Van Windekens Lexique 120 f., E. Schwentner IF. 57, 59, Pedersen Toch. 247",,Lion,"see Van Windekens Lexique 120 f., E. Schwentner IF. 57, 59, Pedersen Toch. 247"
0,kāk-,ai.,kāka-,Krähe,,,Crow,
1,kāk-,ai.,kākāla-,Rabe,,,Raven,
2,kāk-,ai.,kākola-,Rabe,,,Raven,
3,kāk-,lett.,kāk'is,Dohle,,,Jackdaw,
4,kāk-,apr.,koce,Dohle,wenn so für \kote\ zu bessern,,Jackdaw,wenn so für \kote\ zu bessern
5,kāk-,lett.,Kak'upe,Flußname,"vgl. Κακύπαρις, FlN in Sizilien? Anders über die balt. Worte Mühlenbach-Endzelin II 190.",,River name,"see Κακύπαρις, FlN in Sicily? Otherwise about the Baltic words Mühlenbach-Endzelin II 190. [UNKNOWN]"
6,kāk-,lit.,Kakupis,Flußname,"vgl. Κακύπαρις, FlN in Sizilien? Anders über die balt. Worte Mühlenbach-Endzelin II 190.",,River name,"see Κακύπαρις, FlN in Sicily? Otherwise about the Baltic words Mühlenbach-Endzelin II 190. [UNKNOWN]"
0,1. k̑ak-,av.,kasu,"klein, gering","Komp. Superl. \kasyah-\, \kasišta-\",,"small, low","Comparison. Superlative. \kasyah-\, \kasišta-\"
1,1. k̑ak-,nhd.,hager,,"Trautmann ZfdtWtf. 7, 267, KZ. 43, 153",,,"Trautmann ZfdtWtf. 7, 267, KZ. 43, 153 [UNKNOWN]"
2,1. k̑ak-,lit.,nukašė́ti,ganz entkräftet werden,,,to be completely exhausted,
0,"kāp-, kəp-",gr.,κῆπος,Garten,,,Garden,
1,"kāp-, kəp-",dor.,κᾆπος,Garten,,,Garden,
2,"kāp-, kəp-",gr.,κάπυς,κῆπος 'Garten',"Hes.; kret. 'unbearbeitetes Grundstück'; s. Gl. 3, 303",,"κῆπος 'Garten' translates to ""garden"" in English.","Hes.; Kretan 'undeveloped property'; cf. Glossary 3, 303"
3,"kāp-, kəp-",ahd.,huoba,Stück Land,,,Piece of land,
4,"kāp-, kəp-",as.,hōƀa,Stück Land,,,Piece of land,
5,"kāp-, kəp-",nhd.,Hufe,Garten,,,Garden,
6,"kāp-, kəp-",nhd.,Hube,Garten,,,Garden,
7,"kāp-, kəp-",alb.,kopshtë,Garten,,,Garden,
0,kā̆po-,ai.,śā́pa-,"was fließendes Wasser mit sich führt, Trift, Geflößtes",,,"what flowing water carries with it, drifts, floats",
1,kā̆po-,ai.,śāpēṭa-,angeschwemmtes Schilf u. dgl.,,,washed up reeds and the like,
2,kā̆po-,lit.,šãpai,"verstreute Halme, Rückstand, den eine Überschwemmung auf den Feldern zurückläßt",,,"scattered straw, residue left by a flood in the fields",
3,kā̆po-,lit.,šãpas,"Halm, Stroh, Ast",,,"Stem, straw, branch",
0,1. kar-,gr.,κάρνη,ζημία,Hes.,,damage,Hes. [UNKNOWN]
,1. kar-,gr.,αὐτόκαρνος,αὐτοζήμιος,Hes.,,self-inflicted,Hes. [UNKNOWN]
1,1. kar-,lat.,"carinō, -āre","höhnen, spotten",wohl ă,,"taunt, mock",wohl a [UNKNOWN]
2,1. kar-,air.,caire,Tadel,,,Criticism,
3,1. kar-,acymr.,cared,nequitiae,,,mischief,
4,1. kar-,cymr.,caredd,Fehler,,,Mistake,
5,1. kar-,corn.,cara,tadeln,,,to criticize or blame,
6,1. kar-,mbret.,carez,Tadel,*kr̥i̯ā,,Criticism,*kr̥i̯ā [UNKNOWN]
7,1. kar-,ahd.,harawēn,verspotten,,,to mock,
8,1. kar-,mhd.,herwen,verspotten,,,to mock,
9,1. kar-,ags.,hierwan,"verachten, verspotten",,,"despise, mock",
10,1. kar-,anord.,herfiligr,"verächtlich, erniedrigend",,,"contemptuous, demeaning",
11,1. kar-,mhd.,"here, herwer",herb,,,herb,
12,1. kar-,finn.,karvas,amarus,Lw.,,amarus,Lw. [UNKNOWN]
13,1. kar-,ags.,gehornian,beleidigen,tiefstufig,,insult,deep-level
14,1. kar-,lett.,karināt,"necken, reizen",,,"tease, provoke",
15,1. kar-,ostlit.,kìrinti,"necken, reizen",ablaut.,,"tease, provoke",ablaut. [UNKNOWN]
16,1. kar-,aksl.,korъ,contumelia,,,contumelia,
17,1. kar-,aksl.,u-korъ,contumelia,,,contumelia,
18,1. kar-,aksl.,u-koriti,schmähen,,,to revile/scorn,
19,1. kar-,aksl.,po-koriti,unterwerfen,,,submit/surrender,
20,1. kar-,čech.,po-kora,Demut,,,Humility,
21,1. kar-,čech.,po-korný,demütig,,,humble,
22,1. kar-,serb.-ksl.,kara,Streit,ablaut.; f.,,Dispute or argument,ablaut.; feminine.
23,1. kar-,čech.,kára,"Vorwurf, Strafe",usw.,,"Accusation, punishment",etc.
24,1. kar-,toch. A,kärn-,quälen,vielleicht hierher,,torture,maybe here
25,1. kar-,toch. B,karn-,quälen,vielleicht hierher,,torture,maybe here
0,kār-,gr.,κηρός,Wachs,,,Wax,
1,kār-,gr.,κηρίον,"Wabe, Wabenhonig","kann, obwohl dor. κᾱρός nicht genügend gesichert ist, außerhalb des lon.-Att. Lehnform aus dieser Dialektgruppe sein, welchenfalls lat. \cēra\ als griech. Lw. gesichert wäre",,"Honeycomb, comb honey","kann, obwohl dor. κᾱρός nicht genügend gesichert ist, außerhalb des lon.-Att. Lehnform aus dieser Dialektgruppe sein, welchenfalls lat. \cēra\ als griech. Lw. gesichert wäre [UNKNOWN]"
2,kār-,lit.,korỹs,"Wabenhonig, Honigscheibe der Bienen",,,"Honeycomb honey, honey disc of bees",
3,kār-,lett.,kâres,"Wabenhonig, Honigscheibe der Bienen",Nom. Pl.,,"Honeycomb honey, honey disc of bees",Nominative Plural
4,kār-,poln.,skarzyk,der Vorstoß im Bienenstock,,,the intrusion in the beehive,
0,kā̆u(ə)lā : kūlā,Gr. ion.,κήλη,"Geschwulst, bes. Leibschaden",vokalisch sehr schwierig; ion. κήλη aus *κᾱϝ-ελ-ᾱ?,,"Tumor, especially bodily injury",vocally very difficult; ion. κήλη from *κᾱϝ-ελ-ᾱ?
,kā̆u(ə)lā : kūlā,Gr. att.,κά̄λη,"Geschwulst, bes. Leibschaden","vokalisch sehr schwierig; att. ach. κά̄λ-η, -ᾱ aus κᾰϝ-ελ-ᾱ?",,"Tumor, especially bodily injury","vokalisch sehr schwierig; att. ach. κά̄λ-η, -ᾱ from κᾰϝ-ελ-ᾱ?"
,kā̆u(ə)lā : kūlā,Gr. att.,βουβωνοκήλη,Leistenbruch,,,Hernia,
,kā̆u(ə)lā : kūlā,Gr.,καλάζει,ὀγκοῦται,"̓Αχαιοί Hes.; vokalisch sehr schwierig; att. ach. κά̄λ-η, -ᾱ aus κᾰϝ-ελ-ᾱ?",,It is obstructed,"̓Αχαιοί Hes.; vokalisch sehr schwierig; att. ach. κά̄λ-η, -ᾱ aus κᾰϝ-ελ-ᾱ? [UNKNOWN]"
,kā̆u(ə)lā : kūlā,Gr.,κάλαμα,ὄγκος,,,swelling,
1,kā̆u(ə)lā : kūlā,Gr.,κάλαμα,ὄγκος,Hes.,,swelling,Hes. [UNKNOWN]
2,kā̆u(ə)lā : kūlā,anord.,haull,Leistenbruch,"\*kāu[ə]lā\, allenfalls \*kəu̯[ə]lā\",,Hernia,"*kāu[ə]lā\, allenfalls *kəu̯[ə]lā\"
3,kā̆u(ə)lā : kūlā,ags.,hēala,Leistenbruch,"\*kāu[ə]lā\, allenfalls \*kəu̯[ə]lā\",,Hernia,"*kāu[ə]lā\, allenfalls *kəu̯[ə]lā\"
4,kā̆u(ə)lā : kūlā,ahd.,hōla,Leistenbruch,"\*kāu[ə]lā\, allenfalls \*kəu̯[ə]lā\",,Hernia,"*kāu[ə]lā\, allenfalls *kəu̯[ə]lā\"
5,kā̆u(ə)lā : kūlā,ksl.,kyla,Leistenbruch,tiefstufig,,Hernia,deep-level
6,kā̆u(ə)lā : kūlā,russ.,kilá,Leistenbruch; Knorren am Baum,,,Inguinal hernia; Knobs on the tree.,
7,kā̆u(ə)lā : kūlā,serb.,kȉla,Leistenbruch; Knorren am Baum,,,Inguinal hernia; Knobs on the tree.,
8,kā̆u(ə)lā : kūlā,lit. dial.,kúle,"Auswuchs, Knorren",,,"Excess, knurls",
0,kaus-,gr.,καῦνος,Los',*καυσ-νος,,Go,*k̂u̯oinā [UNKNOWN]
1,kaus-,ksl.,kъšь,Los',m.,,Go,m.
2,kaus-,ksl.,kъšiti sę,losen',,,solving',
3,kaus-,ksl.,prěkъšiti,im Würfelspiel gewinnen',,,win in the dice game,
0,k̑eip-,ai.,śiprā,"Schnurrbart, wallender Helmbusch",f.,,"Mustache, flowing helmet plume",f. [UNKNOWN]
1,k̑eip-,av.,srifa-,Nüstern,m.; mit Metathese,,Nostrils,m.; with metathesis
2,k̑eip-,av.,saēf,wedeln,,,wag,
3,k̑eip-,av.,saēpa-,die Bedeutung ist unklar,,,the meaning is unclear,
4,k̑eip-,lit.,"šiepiúos, šiẽptis",das Gesicht verziehen,,,to make a face,
5,k̑eip-,lit.,"šaipaũs, šaipýtis",das Gesicht verziehen,,,to make a face,
6,k̑eip-,lit.,šyplà,Spötter,,,Scoffer,
7,k̑eip-,lit.,"šypsaũ, -óti",grinsen,,,to grin or smile,
0,keis-,ai.,kiṣku-,Vorderarm,,,Forearm,
1,keis-,ndl.,hĳse,"Muskel, Lendenstück, Keule",,,"Muscle, loin, leg",
2,keis-,ndl.,hĳs,"Muskel, Lendenstück, Keule",,,"Muscle, loin, leg",
3,keis-,limb.,hies,Kniekehle,,,Back of the knee,
4,keis-,lit.,kiš-kà,Kniekehle,,,Back of the knee,
5,keis-,lett.,cis-ka,"Lende, Schenkel, Hüfte",,,"Loins, thighs, hips",
0,kek̑-,ai.,kaśa-,Wiesel,m.,,Weasel,m.
1,kek̑-,ai.,kaśīkā́,Wiesel,f.,,Weasel,f. [UNKNOWN]
2,kek̑-,lit.,šẽškas,Iltis,"Ist balt. s- durch progress. Assim. von \*keškas\ zu erklären, wobei die Nachholung des im Anlaut verdrängten k- im Ausgang der 1. Silbe durch den Anlaut k- der 2. Silbe verhindert wurde? Anders über lit. \šẽškaš\ W. Schulze Kl. Schr. 630.",,Polecat,"Can the Baltic s- be explained by the progressive assimilation of *keškas, whereby the compensation of the displaced initial k- in the ending of the 1st syllable was prevented by the initial k- of the 2nd syllable? Differently over Lithuanian \šẽškaš\ W. Schulze Kl. Schr. 630."
3,kek̑-,lett.,sesks,Iltis,,,Polecat,
0,keku-,av.,čakuš-,"Wurfhammer, Wurfaxt'",,,"Throwing hammer, throwing axe",
1,keku-,npers.,čakuš,Hammer',,,Hammer,
2,keku-,apr.,queke,stecle = Tannen- oder Fichtenast als Zaunstab',,,stecle = spruce or fir branch used as a fence post,
3,keku-,lett.,čaka,Knüttel mit Knorren als Griff',vgl. aber Mühlenbach-Endzelin Lett.-D. Wb. I 401,,Club with knobs as handle,cf. but Mühlenbach-Endzelin Lett.-D. Wb. I 401
0,k̑ēko-,ai.,śāka-,"eßbares Kraut, Gemüse","m., n.",,"edible herbs, vegetables","m., n. [UNKNOWN]"
1,k̑ēko-,lit.,šė́kas,"frisch gemähtes Gras, Grünfutter",,,"freshly mowed grass, green fodder",
2,k̑ēko-,lett.,sēks,"frisch gemähtes Gras, Grünfutter",,,"freshly mowed grass, green fodder",
3,k̑ēko-,apr.,schokis,Gras,dies zunächst aus \*sjākas\; \-jā-\ aus \-ē-\?,,Grass,does this initially come from *sjākas; -jā- from -ē-?
4,k̑ēko-,aisl.,hā,Grummet,wohl aus germ. \*hēhōn-\,,Grummet,wohl aus germ. *hēhōn-
0,k̑eku̯-,ai.,śákr̥t,Mist,n. Gen. \śaknáḥ\,,Crap,n. Gen. \śaknáḥ\ [UNKNOWN]
,,,,,,,,
2,k̑eku̯-,ai.,chagaṇa-,Mist,n.,,Crap,n. [UNKNOWN]
3,k̑eku̯-,gr.,κόπρος,"Mist, Dünger, Schmutz",,,"Manure, fertilizer, dirt",
4,k̑eku̯-,lit.,šikù,cacare,,,to poop,
5,k̑eku̯-,lit.,šìkti,cacare,,,to poop,
6,k̑eku̯-,air.,cechor,palus,Vielleicht hierher auch; f. Gl. (*k̂ekurā),,marsh,Perhaps also here; f. Gl. (*k̂ekurā)
7,k̑eku̯-,mir.,cechair,"Schlamm, Kot",wenn 'leibliche Ausscheidung' die ursprüngliche Bed. ist,,"Mud, feces",if 'leibliche Ausscheidung' is the original meaning
0,"4. kel-, and kāl-",ai.,kalaŋka-,"Fleck, Rost",m.,,"Stain, Rust",m.
1,"4. kel-, and kāl-",ai.,kalana-,"Fleck, Schmutz",n.,,"Stain, dirt",n. [UNKNOWN]
2,"4. kel-, and kāl-",ai.,káluṣa-,"schmutzig, schwarz",,,"dirty, black",
3,"4. kel-, and kāl-",ai.,kalmaṣa-,"Fleck, Schmutz",,,"Stain, dirt",
4,"4. kel-, and kāl-",ai.,kalmā́ṣa-,"bunt, gesprenkelt",,,"colorful, speckled",
5,"4. kel-, and kāl-",ai.,karka-,weiß,mit Formans \-ko-\,,white,with Formans -ko-
,"4. kel-, and kāl-",ai.,karka-,Schimmel',m.; mit Formans \-ko-\,,Mold,m.; with formant -ko-
6,"4. kel-, and kāl-",ai.,karkī vaśā,weiße Kuh,,,white cow,
7,"4. kel-, and kāl-",ai.,karkā,weiße Stute,Persson Beitr. 169,,white mare,Persson Contribute. 169
8,"4. kel-, and kāl-",ai.,kalká-,"Kot, Dreck",m.,,"Feces, dirt",m.
9,"4. kel-, and kāl-",ai.,cāṣa-,der blaue Holzhäher,m.; \*kel-so-\,,the blue woodpecker,m.; \*kel-so-\ [UNKNOWN]
10,"4. kel-, and kāl-",npers.,čarma,Schimmel,,,Mold,
11,"4. kel-, and kāl-",kurd.,čerme,weiß,: schweiz. \helm\,,white,switzerland. \helmet\
12,"4. kel-, and kāl-",gr.,κελαινός,schwarz,,,black,
13,"4. kel-, and kāl-",gr.,κιλλός,grau,,,gray,
14,"4. kel-, and kāl-",gr.,κίλλος,Esel und 'Zikade',Vokal wie in πιλνός neben πελιός; -λλ- aus -λν-?,,Donkey and 'Cicada',Vowel like in πιλνός next to πελιός? -λλ- from -λν-?
15,"4. kel-, and kāl-",gr.,κόλυμβος,Taucher (Vogelart),"wovon κολυμβάω `tauche', von der dunklen Farbe genannt; \*kolu-mbhos\ (sehr wahrscheinlich)",,Diver (bird species),"wovon κολυμβάω `tauche', von der dunklen Farbe genannt; *kolu-mbhos (very likely)"
16,"4. kel-, and kāl-",gr.,κίλλ-ουρος,Bachstelze,Hes.,,Wagtail,Hes. [UNKNOWN]
17,"4. kel-, and kāl-",lat.,columba,Taube,\*kol-on-bho-\ oder \*kolu-mbho-\,,Dove,\*kol-on-bho-\ or \*kolu-mbho-\
18,"4. kel-, and kāl-",lat.,columbus,Taube,\*kol-on-bho-\ oder \*kolu-mbho-\; zum \-mb-\ aus \-mbh-\  Schwyzer Gr. Gr. I 333,,Dove,\*kol-on-bho- or \*kolu-mbho-; to \-mb-\ from \-mbh-\ Schwyzer Gr. Gr. I 333
19,"4. kel-, and kāl-",nhd.,helm,weißer Fleck beim Vieh auf der Stirn,schweiz.,,white spot on the animal's forehead,switzerland.
20,"4. kel-, and kāl-",nhd.,helme,Name einer Kuh mit weißgeflecktem Kopf,schweiz.,,Name of a cow with a white-spotted head,switzerland.
21,"4. kel-, and kāl-",schwed.,hjälm,blässiger Ochs oder blässiges Pferd,dialektisch,,pale ox or pale horse,dialectical
22,"4. kel-, and kāl-",mhd.,hilwe,feiner Nebel,f.; wahrscheinlich ,,fine mist,f.; probably
23,"4. kel-, and kāl-",bair.,gehilb,"Nebel, Herdrauch",\w-\ in Beziehung zum \u\ von ai. \káluṣa-ḥ\,,"Fog, stove smoke",\w-\ in relation to the \u\ of ai. \káluṣa-ḥ\
24,"4. kel-, and kāl-",ahd.,huliwa,"uligo, sordes limi velaquae",,,"Slimy, dirt of the limes, I wash sails.",
25,"4. kel-, and kāl-",mhd.,hülwe,"Pfütze, Pfuhl, Sumpflache",im Ablaut steht,,"Puddle, mire, swampy area",is in ablaut
26,"4. kel-, and kāl-",ahd.,holuntar,Holunder,von den schwarzen Beeren,,Elderberry,of the black berries
27,"4. kel-, and kāl-",ahd.,holantar,Holunder,von den schwarzen Beeren,,Elderberry,of the black berries
28,"4. kel-, and kāl-",aschwed.,hylle,Holunder,von den schwarzen Beeren,,Elderberry,of the black berries
29,"4. kel-, and kāl-",russ.,kalína,Viburnum opulus,Zugehörigkeit zu \kalъ\ (s. unten) erwägt; Berneker 473 m. Lit.,,European cranberrybush,Considering affiliation to \kalъ\ (see below); Berneker 473 with literature.
30,"4. kel-, and kāl-",gr.,"κηλί̄ς, -ῖδος",Fleck,Wurzelform kāl- : kəl-,General note for the remainder of roots,Stain,Root form kāl- : kəl-
31,"4. kel-, and kāl-",gr.,κηλιδόω,"beflecke, beschmutze",,,"stain, dirtify",
32,"4. kel-, and kāl-",gr.,κηλήνη,μέλαινα,Hes.,,black (feminine form),Hes. [UNKNOWN]
33,"4. kel-, and kāl-",gr.,κηλάς,"νεφέλη ἄνυδρος καὶ χειμερινὴ ἡμέρα · καὶ αἴξ, ἥτις κατὰ τὸ μέτωπον σημεῖον ἔχειτυλοειδές",Hes.,,Cloud without water and winter day; and a marsh-goat that on its forehead has a spiral marking.,Hes. [UNKNOWN]
34,"4. kel-, and kāl-",lat.,cālidus,weißstirnig (*von Pferden),,,white-faced (*of horses),
35,"4. kel-, and kāl-",lat.,callidus,weißstirnig (*von Pferden),Gl.,,white-faced (*of horses),[UNKNOWN]
36,"4. kel-, and kāl-",umbr.,kaleřuf,callidos (boves),(\buf\),,skilled (oxen),(\buf\) [UNKNOWN]
37,"4. kel-, and kāl-",lat.,cālīgo,"Nebel, Finsternis",f.,,"Fog, darkness",f. [UNKNOWN]
38,"4. kel-, and kāl-",air.,caile,Fleck,,,Stain,
39,"4. kel-, and kāl-",mir.,gaile,Fleck,,,Stain,
40,"4. kel-, and kāl-",lit.,kalýbas,weißhalsig,,,white-necked,
41,"4. kel-, and kāl-",lit.,kalývas,weißhalsig,,,white-necked,
42,"4. kel-, and kāl-",aksl.,kalъ,"πηλός, Kot","mit den Bedeutungen 'Sumpf, Morast, mit Kot beschmutzen'",,"clay, dirt","with the meanings 'swamp, marsh, soiled with feces'"
43,"4. kel-, and kāl-",russ.,kalína,Viburnum opulus,nach der Farbe,,European cranberrybush,after the color
44,"4. kel-, and kāl-",sloven.,kalina,Pfütze,,,Puddle,
45,"4. kel-, and kāl-",russ.,kalú-ga,Morast,,,Quagmire,
46,"4. kel-, and kāl-",russ.,kalú-ža,Lache,,,Laugh,
0,9. kel-,gr. att.,κηλέω,"bezaubern, betören",(urgr. η),"this should be kēl-, kōl-, kəl-","enchant, mesmerize",(urgr. η) [UNKNOWN]
1,9. kel-,gr. att.,κηληθμός,Bezauberung,,,Enchantment,
2,9. kel-,gr. att.,κηληδόνες,bezaubernde Wesen,Pl. f.,,enchanting beings,Plural feminine.
3,9. kel-,lat.,"calvor, -ī","Ränke schmieden, hintergehen, täuschen",das \-v-\ ist unklar,,"Scheming, betraying, deceiving",the \-v-\ is unclear
4,9. kel-,lat.,"calviō, -īre","Ränke schmieden, hintergehen, täuschen",das \-v-\ ist unklar,,"Scheming, betraying, deceiving",the \-v-\ is unclear
5,9. kel-,lat.,calumnia,"falsche Anklage, Betrug, Verleumdung, Ränke",*calvomniā,,"false accusation, fraud, slander, intrigues",*calvomniā [UNKNOWN]
6,9. kel-,lat.,cavilla,"Neckerei, Stichelei, Trotzelei",*calvilla; sehr wahrscheinlich,,"Teasing, poking, defiance",*calvilla; very likely
7,9. kel-,lat.,"cavillor, -ārī","necken, bewitzeln, behöhnen",das \-v-\ ist unklar,,"tease, joke, ridicule",the \-v-\ is unclear
8,9. kel-,got.,hōlōn,verleumden,,,to slander,
9,9. kel-,got.,afhōlōn,verleumden,,,to slander,
10,9. kel-,anord.,hōl,"Lob, Prahlerei",,,"Praise, boasting",
11,9. kel-,anord.,hø̄la,"preisen, prahlen",,,"praise, boast",
12,9. kel-,ags.,hōl,Verleumdung,n.,,Defamation.,n. [UNKNOWN]
13,9. kel-,ags.,hōlian,verleumden,,,to slander,
14,9. kel-,ags.,"hōlunga, hōlinga","vergebens, grundlos",,,"in vain, without reason",
15,9. kel-,ags.,hēlan,verleumden,,,to slander,
16,9. kel-,ahd.,huolen,betrügen,,,to deceive/to cheat/to betray,
17,9. kel-,gr. att.,κόλαξ,Schmeichler,"Sollte Perssons (Beitr. 148) Heranziehung zutreffen (?), wäre die Wurzel als kurzvokalisch anzusetzen, daher gr. κηλ- und germ. hōl- Dehnstufen, lat. cal- Reduktionsstufe.",,Flatterer,"Should Persson's (Beitr. 148) reference apply(?), the root should be assumed as short-voweled, hence Ancient Greek κηλ- and Germanic hōl- long grades, Latin cal- reduced grade."
0,10. kel-,ai.,śiśira-,"kühl, kalt",,this should be k̂el-1,"cool, cold",
,10. kel-,ai.,śiśira-,"kühle Zeit, Kälte",m.,,"cool time, cold",m.
1,10. kel-,av.,sarəta-,kalt,,,cold,
2,10. kel-,npers.,sard,kalt,,,cold,
3,10. kel-,osset.,sald,Kälte,,,Cold,
4,10. kel-,av.,sarə-δā-,Kälte bringend,,,Bringing cold,
5,10. kel-,aisl.,hēla,Reif,"\hi-hlōn-\, vgl. ai. \śi-śira-\",,Mature,"\hi-hlōn-\, compare with Sanskrit \śi-śira-\"
6,10. kel-,ndl.,hal,gefrorener Boden,,,frozen ground,
7,10. kel-,ahd.,hāli,"schlüpfrig, glatt",mit Dehnstufe \ē\,,"slippery, smooth",with elongation level \ē\
8,10. kel-,nhd.,hāl,"schlüpfrig, glatt",Bavarian,,"slippery, smooth",Bavarian
9,10. kel-,schweiz.,hǟl,"schlüpfrig, glatt",,,"slippery, smooth",
10,10. kel-,ags.,hǣlig,unzuverlässig,,,unreliable,
11,10. kel-,aisl.,hāll,"glatt, listig",,,"smooth, sly",
12,10. kel-,lit.,"šąlù, šálti",frieren,,,to freeze/shiver,
13,10. kel-,lett.,sal̂t,frieren,,,to freeze/shiver,
14,10. kel-,lit.,šáltas,kalt,,,cold,
15,10. kel-,lett.,sal̂ts,kalt,,,cold,
16,10. kel-,lit.,šalnà,Reif,,,Mature,
17,10. kel-,lett.,sal̂na,Reif,,,Mature,
18,10. kel-,lit.,pãšalas,gefrorene Erde,,,frozen ground,
19,10. kel-,apr.,passalis,Frost,,,Frost,
20,10. kel-,lit.,pašolỹs,"Nachtfrost, Frost in der Erde",,,"Night frost, frost in the ground",
21,10. kel-,abg.,slana,Reif,,,Mature,
22,10. kel-,ai.,śarád-,Herbst,mit Zahlwörtern 'Jahr',,Autumn,with numeral words 'year'
23,10. kel-,av.,sarəδ-,Jahr,"(s. auch Solmsen KZ. 34, 78 zu lyd. σαρδις `Jahr')",,Year,"(see also Solmsen KZ. 34, 78 on Lydian σαρδις 'year')"
24,10. kel-,osset.,särd,Sommer,,,Summer,
25,10. kel-,npers.,sāl,Jahr,"Herbst' als 'warme Zeit', ebenso lit. \šilus\ 'August', richtiger \šilius\",,Year,"Autumn' as 'warm time', likewise lit. \šilus\ 'August', correctly \šilius\"
26,10. kel-,lat.,"caleō, -ēre","warm, heiß sein, glühen",,,"warm, to be hot, to glow",
27,10. kel-,lat.,calidus,"warm, heiß",,,"warm, hot",
28,10. kel-,lat.,calor,"Wärme, Hitze",,,"Warmth, heat",
29,10. kel-,cymr.,clyd,"warm, wärmend",: lit. šil̃tas,,"warm, warming",lit. warm
30,10. kel-,cymr.,claear,lauwarm,von einer ei̯-Erweiterung,vielleicht,lukewarm,from an ei̯-extension
31,10. kel-,bret.,klouar,lauwarm,von einer ei̯-Erweiterung,vielleicht,lukewarm,from an ei̯-extension
32,10. kel-,as.,halōian,brennen,,,to burn,
33,10. kel-,ahd.,lāo,lau,flect. \lāwēr\; im Germ. wurde eine Erweiterung \*k̂leu-\ frachtbar,,lukewarm,flect. \lāwēr\; an extension \*k̂leu-\ became productive in Germ.
34,10. kel-,aisl.,hlǣr,lau,"vom Wetter hlēwia-, hlāna 'mild werden'",,lukewarm,"from the weather hlēwia-, hlāna 'become mild'"
35,10. kel-,bair.,läunen,tauen,,,thaw,
36,10. kel-,aisl.,hlāka,Tauwetter,,,Thaw,
37,10. kel-,aisl.,hlȳr,lau,,,lukewarm,
38,10. kel-,aisl.,hlȳ,Wärme,n.,,Warmth,n. [UNKNOWN]
39,10. kel-,ags.,hlēowe,lau,,,lukewarm,
40,10. kel-,aisl.,hlē,"Schutz, Leeseite",n.; \*hlēwa-\,,"Protection, lee side",n.; \*hlēwa-\ [UNKNOWN]
41,10. kel-,as.,hleo,Schutz vor dem Wetter,m.,,Protection against the weather,m.
42,10. kel-,afries.,hlī,"Obdach, Decke, Schutz",,,"Shelter, blanket, protection",
43,10. kel-,ags.,"hlēo, hlēow","Obdach, Decke, Schutz",,,"Shelter, blanket, protection",
44,10. kel-,mhd.,"liewe, lie",Laube,,,Arbor,
45,10. kel-,schweiz.,lē,"geschützte Lage, Sonnenseite",,,"protected location, sunny side",
46,10. kel-,schwed.,lya,Höhle von Tieren,,,Cave of animals,
47,10. kel-,norw.,lum,"mild, lau",,norw. dan.???  are these norwegian & danish or norwegian danish?,"mild, tepid",
48,10. kel-,dän.,lummer,"mild, lau",,,"mild, tepid",
49,10. kel-,schwed.,ljum,"mild, lau",,,"mild, tepid",
50,10. kel-,schweiz.,lūm,"mild, vom Wetter",,,"mild, from the weather",
51,10. kel-,ndd.,luk,lau,,,lukewarm,
52,10. kel-,holl.,leuk,lau,,,lukewarm,
53,10. kel-,lit.,"šylù, šilaũ, šìlti",warm werden,,,to warm up,
54,10. kel-,lit.,šil̃tas,warm,,,warm,
55,10. kel-,cymr.,clyd,"cozy, comfortable",,,"cozy, comfortable",
0,11. kel-,lat.,auscultō,"horche, lausche","ursprüngl. 'neige das Ohr' aus \*auscl̥tāre, Ableitung von \*aus-kl̥tos (Specht Idg. Dekl. 285, 333); anders WH. I 86 f.","General note: ""Basis der viel reicher entwickelten Wurzelf. \k̂lei-\ `lehnen' (s. unten) und sehr wahrscheinlich in folgenden Worten anzuerkennen""","listen, pay attention","originally 'incline the ear' from *auscl̥tāre, derived from *aus-kl̥tos (Specht Idg. Decl. 285, 333); differently WH. I 86 f."
1,11. kel-,lit.,šalìs,"Seite, Gegend",,,"Page, area",
2,11. kel-,aisl.,hallr,geneigt,,,inclined,
3,11. kel-,ags.,heald,geneigt,,,inclined,
4,11. kel-,ahd.,hald,geneigt,,,inclined,
5,11. kel-,ahd.,halda,Bergabhang,,,Slope downhill,
6,11. kel-,nhd.,Halde,Bergabhang,,,Slope downhill,
7,11. kel-,aisl.,halla,neigen,,,tend,
8,11. kel-,ahd.,haldōn,sich neigen,,,to lean or to incline,
9,11. kel-,aisl.,hella,"ausgießen, ein Gefäß neigen",wie schweiz. \helde\,,"pour out, tilt a vessel",as Swiss. \helde\
10,11. kel-,got.,wilja-halþei,"Neigung, Gunst",,,"Inclination, favor",
11,11. kel-,got.,hulþs,"geneigten Sinnes, gnädig",,,"inclined mind, gracious",
12,11. kel-,aisl.,hollr,"geneigten Sinnes, gnädig",,,"inclined mind, gracious",
13,11. kel-,ags.,hold,"geneigten Sinnes, gnädig",,,"inclined mind, gracious",
14,11. kel-,as.,hold,"geneigten Sinnes, gnädig",,,"inclined mind, gracious",
15,11. kel-,ahd.,hold,"geneigten Sinnes, gnädig","ahd. huldī 'Huld, Geneigtheit' usw.",,"inclined mind, gracious","ahd. huldī 'grace, inclination' etc."
16,11. kel-,nhd.,hold,"geneigten Sinnes, gnädig",,,"inclined mind, gracious",
17,11. kel-,mnd.,helde,Abhang,f.,,Slope,f. [UNKNOWN]
18,11. kel-,nd.,hille,Raum über den Viehställen zum Schlafen,"aus hilde 'geneigte, schräge Decke'",,Room above the cowsheds for sleeping.,"from hilde 'inclined, slanted ceiling'"
19,11. kel-,norw.,hjell,"Gerüst, Boden",,,"Scaffold, floor",
20,11. kel-,dän.,hjæld,"Heuboden, Hühnersteige, Seller",älter,,"Hay loft, chicken ladder, cellar",older
21,11. kel-,aisl.,hjallr,"Gerüst, Erhöhung",,,"Scaffold, elevation",
22,11. kel-,aisl.,hjalli,"Absatz, Terrasse",,,"Heel, terrace",
23,11. kel-,aisl.,hilla,"Gesims, Bord, Regal",\= mnd. hilde,,"Cornice, shelf, bookshelf",\= mnd. hilde [UNKNOWN]
24,11. kel-,dän.,hylde,Regal,ablautend,,Shelf,showing ablaut
25,11. kel-,schwed.,hylla,Regal,,,Shelf,