,id,name,order,abbr,aka,sub_family_id,override_family,custom_sort,created_at,updated_at,created_by,updated_by,description
0,375,Old Irish,1,OIr,,53,,"aAàǣ,ā,bB,cC,dD,eEēÉe̐,é,fF,gG,hH,iIīí,jJ,kK,lL,mM,nN,oOò,ō,ð,pP,qQ,rR,sS,tT,uUúū,vV,wW,xX,yY,zZ",2015-04-16 07:58:32,2015-04-16 09:22:28,loader,loader,
1,376,Middle Irish,2,MIr,,53,,"aAàǣ,ā,bB,cC,dD,eEēÉe̐,é,fF,gG,hH,iIīí,jJ,kK,lL,mM,nN,oOò,ō,ð,pP,qQ,rR,sS,tT,uUúū,vV,wW,xX,yY,zZ",2015-04-16 07:58:32,2015-04-16 09:22:28,loader,loader,
2,377,Irish,3,Ir,a.k.a. Irish Gaelic,53,,"aAàǣ,ā,bB,cC,dD,eEēÉe̐,é,fF,gG,hH,iIīí,jJ,kK,lL,mM,nN,oOò,ō,ð,pP,qQ,rR,sS,tT,uUúū,vV,wW,xX,yY,zZ",2015-04-16 07:58:32,2015-04-16 09:22:28,loader,loader,
3,378,Gaelic,4,Gael,a.k.a. Scots Gaelic,53,,"aAàǣ,ā,bB,cC,dD,eEēÉe̐,é,fF,gG,hH,iIīí,jJ,kK,lL,mM,nN,oOò,ō,ð,pP,qQ,rR,sS,tT,uUúū,vV,wW,xX,yY,zZ",2015-04-16 07:58:32,2015-04-16 09:22:28,loader,loader,
4,379,Scots Gaelic,5,ScotG,,53,,"aAàǣ,ā,bB,cC,dD,eEēÉe̐,é,fF,gG,hH,iIīí,jJ,kK,lL,mM,nN,oOò,ō,ð,pP,qQ,rR,sS,tT,uUúū,vV,wW,xX,yY,zZ",2015-04-16 07:58:32,2015-04-16 09:22:28,loader,loader,
5,380,Manx,6,Manx,a.k.a. Manx Gaelic,53,,"aAàǣ,ā,bB,cC,dD,eEēÉe̐,é,fF,gG,hH,iIīí,jJ,kK,lL,mM,nN,oOò,ō,ð,pP,qQ,rR,sS,tT,uUúū,vV,wW,xX,yY,zZ",2015-04-16 07:58:32,2015-04-16 09:22:28,loader,loader,
6,381,Shelta,7,Shel,,53,,"aAàǣ,ā,bB,cC,dD,eEēÉe̐,é,fF,gG,hH,iIīí,jJ,kK,lL,mM,nN,oOò,ō,ð,pP,qQ,rR,sS,tT,uUúū,vV,wW,xX,yY,zZ",2015-04-16 07:58:32,2015-04-16 09:22:28,loader,loader,
7,382,Old Breton,1,OBret,,54,,"aAàǣ,ā,bB,cC,dD,eEēÉe̐,é,fF,gG,hH,iIīí,jJ,kK,lL,mM,nN,oOò,ō,ð,pP,qQ,rR,sS,tT,uUúū,vV,wW,xX,yY,zZ",2015-04-16 07:58:32,2015-04-16 09:22:28,loader,loader,
8,383,Middle Breton,2,MBret,,54,,"aAàǣ,ā,bB,cC,dD,eEēÉe̐,é,fF,gG,hH,iIīí,jJ,kK,lL,mM,nN,oOò,ō,ð,pP,qQ,rR,sS,tT,uUúū,vV,wW,xX,yY,zZ",2015-04-16 07:58:32,2015-04-16 09:22:28,loader,loader,
9,384,Breton,3,Bret,,54,,"aAàǣ,ā,bB,cC,dD,eEēÉe̐,é,fF,gG,hH,iIīí,jJ,kK,lL,mM,nN,oOò,ō,ð,pP,qQ,rR,sS,tT,uUúū,vV,wW,xX,yY,zZ",2015-04-16 07:58:32,2015-04-16 09:22:28,loader,loader,
10,385,Old Cornish,4,OCorn,,54,,"aAàǣ,ā,bB,cC,dD,eEēÉe̐,é,fF,gG,hH,iIīí,jJ,kK,lL,mM,nN,oOò,ō,ð,pP,qQ,rR,sS,tT,uUúū,vV,wW,xX,yY,zZ",2015-04-16 07:58:32,2015-04-16 09:22:28,loader,loader,
11,386,Middle Cornish,5,MCorn,,54,,"aAàǣ,ā,bB,cC,dD,eEēÉe̐,é,fF,gG,hH,iIīí,jJ,kK,lL,mM,nN,oOò,ō,ð,pP,qQ,rR,sS,tT,uUúū,vV,wW,xX,yY,zZ",2015-04-16 07:58:32,2015-04-16 09:22:28,loader,loader,
12,387,Cornish,6,Corn,,54,,"aAàǣ,ā,bB,cC,dD,eEēÉe̐,é,fF,gG,hH,iIīí,jJ,kK,lL,mM,nN,oOò,ō,ð,pP,qQ,rR,sS,tT,uUúū,vV,wW,xX,yY,zZ",2015-04-16 07:58:32,2015-04-16 09:22:28,loader,loader,
13,388,Cumbric,7,Cumb,,54,,"aAàǣ,ā,bB,cC,dD,eEēÉe̐,é,fF,gG,hH,iIīí,jJ,kK,lL,mM,nN,oOò,ō,ð,pP,qQ,rR,sS,tT,uUúū,vV,wW,xX,yY,zZ",2015-04-16 07:58:32,2015-04-16 09:22:28,loader,loader,
14,389,Old Welsh,8,OW,,54,,"aAàǣ,ā,bB,cC,dD,eEēÉe̐,é,fF,gG,hH,iIīí,jJ,kK,lL,mM,nN,oOò,ō,ð,pP,qQ,rR,sS,tT,uUúū,vV,wW,xX,yY,zZ",2015-04-16 07:58:32,2015-04-16 09:22:28,loader,loader,
15,390,Middle Welsh,9,MW,,54,,"aAàǣ,ā,bB,cC,dD,eEēÉe̐,é,fF,gG,hH,iIīí,jJ,kK,lL,mM,nN,oOò,ō,ð,pP,qQ,rR,sS,tT,uUúū,vV,wW,xX,yY,zZ",2015-04-16 07:58:32,2015-04-16 09:22:28,loader,loader,
16,391,Welsh,10,W,,54,,"aAàǣ,ā,bB,cC,dD,eEēÉe̐,é,fF,gG,hH,iIīí,jJ,kK,lL,mM,nN,oOò,ō,ð,pP,qQ,rR,sS,tT,uUúū,vV,wW,xX,yY,zZ",2015-04-16 07:58:32,2015-04-16 09:22:28,loader,loader,
17,392,Celtiberian,1,Celt,,55,,"aAàǣ,ā,bB,cC,dD,eEēÉe̐,é,fF,gG,hH,iIīí,jJ,kK,lL,mM,nN,oOò,ō,ð,pP,qQ,rR,sS,tT,uUúū,vV,wW,xX,yY,zZ",2015-04-16 07:58:32,2015-04-16 09:22:28,loader,loader,
18,393,Gaulish,2,Gaul,,55,,"aAàǣ,ā,bB,cC,dD,eEēÉe̐,é,fF,gG,hH,iIīí,jJ,kK,lL,mM,nN,oOò,ō,ð,pP,qQ,rR,sS,tT,uUúū,vV,wW,xX,yY,zZ",2015-04-16 07:58:32,2015-04-16 09:22:28,loader,loader,
19,394,Transalpine Gaulish,3,TGaul,,55,,"aAàǣ,ā,bB,cC,dD,eEēÉe̐,é,fF,gG,hH,iIīí,jJ,kK,lL,mM,nN,oOò,ō,ð,pP,qQ,rR,sS,tT,uUúū,vV,wW,xX,yY,zZ",2015-04-16 07:58:32,2015-04-16 09:22:28,loader,loader,
20,395,Cisalpine Gaulish,4,CGaul,,55,,"aAàǣ,ā,bB,cC,dD,eEēÉe̐,é,fF,gG,hH,iIīí,jJ,kK,lL,mM,nN,oOò,ō,ð,pP,qQ,rR,sS,tT,uUúū,vV,wW,xX,yY,zZ",2015-04-16 07:58:32,2015-04-16 09:22:28,loader,loader,
21,396,Lepontic,5,Lep,,55,,"aAàǣ,ā,bB,cC,dD,eEēÉe̐,é,fF,gG,hH,iIīí,jJ,kK,lL,mM,nN,oOò,ō,ð,pP,qQ,rR,sS,tT,uUúū,vV,wW,xX,yY,zZ",2015-04-16 07:58:32,2015-04-16 09:22:28,loader,loader,
22,397,Noric,6,Noric,,55,,"aAàǣ,ā,bB,cC,dD,eEēÉe̐,é,fF,gG,hH,iIīí,jJ,kK,lL,mM,nN,oOò,ō,ð,pP,qQ,rR,sS,tT,uUúū,vV,wW,xX,yY,zZ",2015-04-16 07:58:32,2015-04-16 09:22:28,loader,loader,
23,398,Galatian,7,Gal,,55,,"aAàǣ,ā,bB,cC,dD,eEēÉe̐,é,fF,gG,hH,iIīí,jJ,kK,lL,mM,nN,oOò,ō,ð,pP,qQ,rR,sS,tT,uUúū,vV,wW,xX,yY,zZ",2015-04-16 07:58:32,2015-04-16 09:22:28,loader,loader,
24,399,Old English,1,OE,a.k.a. Anglo-Saxon,56,,"aAàǣ,ā,bB,cC,dD,eEēÉe̐,é,fF,gG,hH,iIīí,jJ,kK,lL,mM,nN,oOò,ō,ð,pP,qQ,rR,sS,tT,uUúū,vV,wW,xX,yY,zZ",2015-04-16 07:58:32,2015-04-16 09:22:28,loader,loader,
25,400,Anglo-Saxon,2,AS,,56,,"aAàǣ,ā,bB,cC,dD,eEēÉe̐,é,fF,gG,hH,iIīí,jJ,kK,lL,mM,nN,oOò,ō,ð,pP,qQ,rR,sS,tT,uUúū,vV,wW,xX,yY,zZ",2015-04-16 07:58:32,2015-04-16 09:22:28,loader,loader,
26,401,West Saxon,3,WSax,,56,,"aAàǣ,ā,bB,cC,dD,eEēÉe̐,é,fF,gG,hH,iIīí,jJ,kK,lL,mM,nN,oOò,ō,ð,pP,qQ,rR,sS,tT,uUúū,vV,wW,xX,yY,zZ",2015-04-16 07:58:32,2015-04-16 09:22:28,loader,loader,
27,402,Anglian,4,Angl,,56,,"aAàǣ,ā,bB,cC,dD,eEēÉe̐,é,fF,gG,hH,iIīí,jJ,kK,lL,mM,nN,oOò,ō,ð,pP,qQ,rR,sS,tT,uUúū,vV,wW,xX,yY,zZ",2015-04-16 07:58:32,2015-04-16 09:22:28,loader,loader,
28,403,Northumbrian,5,NUmb,,56,,"aAàǣ,ā,bB,cC,dD,eEēÉe̐,é,fF,gG,hH,iIīí,jJ,kK,lL,mM,nN,oOò,ō,ð,pP,qQ,rR,sS,tT,uUúū,vV,wW,xX,yY,zZ",2015-04-16 07:58:33,2015-04-16 09:22:28,loader,loader,
29,404,Mercian,6,Merc,,56,,"aAàǣ,ā,bB,cC,dD,eEēÉe̐,é,fF,gG,hH,iIīí,jJ,kK,lL,mM,nN,oOò,ō,ð,pP,qQ,rR,sS,tT,uUúū,vV,wW,xX,yY,zZ",2015-04-16 07:58:33,2015-04-16 09:22:29,loader,loader,
30,405,Kentish,7,Kent,,56,,"aAàǣ,ā,bB,cC,dD,eEēÉe̐,é,fF,gG,hH,iIīí,jJ,kK,lL,mM,nN,oOò,ō,ð,pP,qQ,rR,sS,tT,uUúū,vV,wW,xX,yY,zZ",2015-04-16 07:58:33,2015-04-16 09:22:29,loader,loader,
31,406,Middle English,1,ME,,57,,"aAàǣ,ā,bB,cC,dD,eEēÉe̐,é,fF,gG,hH,iIīí,jJ,kK,lL,mM,nN,oOò,ō,ð,pP,qQ,rR,sS,tT,uUúū,vV,wW,xX,yY,zZ",2015-04-16 07:58:33,2015-04-16 09:22:29,loader,loader,
32,407,English,1,E,a.k.a. New English,58,,"aAàǣ,ā,bB,cC,dD,eEēÉe̐,é,fF,gG,hH,iIīí,jJ,kK,lL,mM,nN,oOò,ō,ð,pP,qQ,rR,sS,tT,uUúū,vV,wW,xX,yY,zZ",2015-04-16 07:58:33,2015-04-16 09:22:29,loader,loader,
33,408,New English,2,NE,,58,,"aAàǣ,ā,bB,cC,dD,eEēÉe̐,é,fF,gG,hH,iIīí,jJ,kK,lL,mM,nN,oOò,ō,ð,pP,qQ,rR,sS,tT,uUúū,vV,wW,xX,yY,zZ",2015-04-16 07:58:33,2015-04-16 09:22:29,loader,loader,
34,409,American English,3,AmEng,,58,,"aAàǣ,ā,bB,cC,dD,eEēÉe̐,é,fF,gG,hH,iIīí,jJ,kK,lL,mM,nN,oOò,ō,ð,pP,qQ,rR,sS,tT,uUúū,vV,wW,xX,yY,zZ",2015-04-16 07:58:33,2015-04-16 09:22:29,loader,loader,
35,410,British English,4,BritE,,58,,"aAàǣ,ā,bB,cC,dD,eEēÉe̐,é,fF,gG,hH,iIīí,jJ,kK,lL,mM,nN,oOò,ō,ð,pP,qQ,rR,sS,tT,uUúū,vV,wW,xX,yY,zZ",2015-04-16 07:58:33,2015-04-16 09:22:29,loader,loader,
36,411,Scots English,5,ScotE,,58,,"aAàǣ,ā,bB,cC,dD,eEēÉe̐,é,fF,gG,hH,iIīí,jJ,kK,lL,mM,nN,oOò,ō,ð,pP,qQ,rR,sS,tT,uUúū,vV,wW,xX,yY,zZ",2015-04-16 07:58:33,2015-04-16 09:22:29,loader,loader,
37,412,Old Frisian,1,OFris,,59,,"aAàǣ,ā,bB,cC,dD,eEēÉe̐,é,fF,gG,hH,iIīí,jJ,kK,lL,mM,nN,oOò,ō,ð,pP,qQ,rR,sS,tT,uUúū,vV,wW,xX,yY,zZ",2015-04-16 07:58:33,2015-04-16 09:22:29,loader,loader,
38,413,Old West Frisian,2,OWFris,,59,,"aAàǣ,ā,bB,cC,dD,eEēÉe̐,é,fF,gG,hH,iIīí,jJ,kK,lL,mM,nN,oOò,ō,ð,pP,qQ,rR,sS,tT,uUúū,vV,wW,xX,yY,zZ",2015-04-16 07:58:33,2015-04-16 09:22:29,loader,loader,
39,414,Middle Frisian,3,MFris,,59,,"aAàǣ,ā,bB,cC,dD,eEēÉe̐,é,fF,gG,hH,iIīí,jJ,kK,lL,mM,nN,oOò,ō,ð,pP,qQ,rR,sS,tT,uUúū,vV,wW,xX,yY,zZ",2015-04-16 07:58:33,2015-04-16 09:22:29,loader,loader,
40,415,Frisian,4,Fris,,59,,"aAàǣ,ā,bB,cC,dD,eEēÉe̐,é,fF,gG,hH,iIīí,jJ,kK,lL,mM,nN,oOò,ō,ð,pP,qQ,rR,sS,tT,uUúū,vV,wW,xX,yY,zZ",2015-04-16 07:58:33,2015-04-16 09:22:29,loader,loader,
41,416,West Frisian,5,WFris,a.k.a. Dutch/Netherlands Frisian,59,,"aAàǣ,ā,bB,cC,dD,eEēÉe̐,é,fF,gG,hH,iIīí,jJ,kK,lL,mM,nN,oOò,ō,ð,pP,qQ,rR,sS,tT,uUúū,vV,wW,xX,yY,zZ",2015-04-16 07:58:33,2015-04-16 09:22:29,loader,loader,
42,417,North Frisian,6,NFris,,59,,"aAàǣ,ā,bB,cC,dD,eEēÉe̐,é,fF,gG,hH,iIīí,jJ,kK,lL,mM,nN,oOò,ō,ð,pP,qQ,rR,sS,tT,uUúū,vV,wW,xX,yY,zZ",2015-04-16 07:58:33,2015-04-16 09:22:29,loader,loader,
43,418,East Frisian,7,EFris,,59,,"aAàǣ,ā,bB,cC,dD,eEēÉe̐,é,fF,gG,hH,iIīí,jJ,kK,lL,mM,nN,oOò,ō,ð,pP,qQ,rR,sS,tT,uUúū,vV,wW,xX,yY,zZ",2015-04-16 07:58:33,2015-04-16 09:22:29,loader,loader,
44,419,Saterfriesisch,8,Sater,,59,,"aAàǣ,ā,bB,cC,dD,eEēÉe̐,é,fF,gG,hH,iIīí,jJ,kK,lL,mM,nN,oOò,ō,ð,pP,qQ,rR,sS,tT,uUúū,vV,wW,xX,yY,zZ",2015-04-16 07:58:33,2015-04-16 09:22:29,loader,loader,
45,420,Old Frankish,1,OF,a.k.a. Old Franconian,60,,"aAàǣ,ā,bB,cC,dD,eEēÉe̐,é,fF,gG,hH,iIīí,jJ,kK,lL,mM,nN,oOò,ō,ð,pP,qQ,rR,sS,tT,uUúū,vV,wW,xX,yY,zZ",2015-04-16 07:58:33,2015-04-16 09:22:29,loader,loader,
46,421,Old Dutch,2,ODu,a.k.a. Old Low Franconian,60,,"aAàǣ,ā,bB,cC,dD,eEēÉe̐,é,fF,gG,hH,iIīí,jJ,kK,lL,mM,nN,oOò,ō,ð,pP,qQ,rR,sS,tT,uUúū,vV,wW,xX,yY,zZ",2015-04-16 07:58:33,2015-04-16 09:22:29,loader,loader,
47,422,Old Low Franconian,3,OLF,,60,,"aAàǣ,ā,bB,cC,dD,eEēÉe̐,é,fF,gG,hH,iIīí,jJ,kK,lL,mM,nN,oOò,ō,ð,pP,qQ,rR,sS,tT,uUúū,vV,wW,xX,yY,zZ",2015-04-16 07:58:33,2015-04-16 09:22:29,loader,loader,
48,423,Middle Dutch,4,MDu,,60,,"aAàǣ,ā,bB,cC,dD,eEēÉe̐,é,fF,gG,hH,iIīí,jJ,kK,lL,mM,nN,oOò,ō,ð,pP,qQ,rR,sS,tT,uUúū,vV,wW,xX,yY,zZ",2015-04-16 07:58:33,2015-04-16 09:22:29,loader,loader,
49,424,Dutch,5,Du,,60,,"aAàǣ,ā,bB,cC,dD,eEēÉe̐,é,fF,gG,hH,iIīí,jJ,kK,lL,mM,nN,oOò,ō,ð,pP,qQ,rR,sS,tT,uUúū,vV,wW,xX,yY,zZ",2015-04-16 07:58:33,2015-04-16 09:22:29,loader,loader,
50,425,Afrikaans,6,Afrik,,60,,"aAàǣ,ā,bB,cC,dD,eEēÉe̐,é,fF,gG,hH,iIīí,jJ,kK,lL,mM,nN,oOò,ō,ð,pP,qQ,rR,sS,tT,uUúū,vV,wW,xX,yY,zZ",2015-04-16 07:58:33,2015-04-16 09:22:29,loader,loader,
51,426,Franconian,7,F,a.k.a. Mainfränkisch,60,,"aAàǣ,ā,bB,cC,dD,eEēÉe̐,é,fF,gG,hH,iIīí,jJ,kK,lL,mM,nN,oOò,ō,ð,pP,qQ,rR,sS,tT,uUúū,vV,wW,xX,yY,zZ",2015-04-16 07:58:33,2015-04-16 09:22:29,loader,loader,
52,427,Old Flemish,8,OFlem,,60,,"aAàǣ,ā,bB,cC,dD,eEēÉe̐,é,fF,gG,hH,iIīí,jJ,kK,lL,mM,nN,oOò,ō,ð,pP,qQ,rR,sS,tT,uUúū,vV,wW,xX,yY,zZ",2015-04-16 07:58:33,2015-04-16 09:22:29,loader,loader,
53,428,Middle Flemish,9,MFlem,,60,,"aAàǣ,ā,bB,cC,dD,eEēÉe̐,é,fF,gG,hH,iIīí,jJ,kK,lL,mM,nN,oOò,ō,ð,pP,qQ,rR,sS,tT,uUúū,vV,wW,xX,yY,zZ",2015-04-16 07:58:33,2015-04-16 09:22:29,loader,loader,
54,429,Flemish,10,Flem,,60,,"aAàǣ,ā,bB,cC,dD,eEēÉe̐,é,fF,gG,hH,iIīí,jJ,kK,lL,mM,nN,oOò,ō,ð,pP,qQ,rR,sS,tT,uUúū,vV,wW,xX,yY,zZ",2015-04-16 07:58:33,2015-04-16 09:22:29,loader,loader,
55,430,West Flemish,11,WFlem,,60,,"aAàǣ,ā,bB,cC,dD,eEēÉe̐,é,fF,gG,hH,iIīí,jJ,kK,lL,mM,nN,oOò,ō,ð,pP,qQ,rR,sS,tT,uUúū,vV,wW,xX,yY,zZ",2015-04-16 07:58:33,2015-04-16 09:22:29,loader,loader,
56,431,Limburgish,12,Limb,"a.k.a. Limburger, Limburgan",60,,"aAàǣ,ā,bB,cC,dD,eEēÉe̐,é,fF,gG,hH,iIīí,jJ,kK,lL,mM,nN,oOò,ō,ð,pP,qQ,rR,sS,tT,uUúū,vV,wW,xX,yY,zZ",2015-04-16 07:58:33,2015-04-16 09:22:29,loader,loader,
57,432,Pennsylvania German,13,PaG,a.k.a. Pennsylvania Dutch,61,,"aAàǣ,ā,bB,cC,dD,eEēÉe̐,é,fF,gG,hH,iIīí,jJ,kK,lL,mM,nN,oOò,ō,ð,pP,qQ,rR,sS,tT,uUúū,vV,wW,xX,yY,zZ",2015-04-16 07:58:33,2015-04-16 09:22:29,loader,loader,
58,433,Old Saxon,14,OS,a.k.a. Old Low German,60,,"aAàǣ,ā,bB,cC,dD,eEēÉe̐,é,fF,gG,hH,iIīí,jJ,kK,lL,mM,nN,oOò,ō,ð,pP,qQ,rR,sS,tT,uUúū,vV,wW,xX,yY,zZ",2015-04-16 07:58:33,2015-04-16 09:22:29,loader,loader,
59,434,Old Low German,15,OLG,,60,,"aAàǣ,ā,bB,cC,dD,eEēÉe̐,é,fF,gG,hH,iIīí,jJ,kK,lL,mM,nN,oOò,ō,ð,pP,qQ,rR,sS,tT,uUúū,vV,wW,xX,yY,zZ",2015-04-16 07:58:33,2015-04-16 09:22:29,loader,loader,
60,435,Middle Low German,16,MLG,,60,,"aAàǣ,ā,bB,cC,dD,eEēÉe̐,é,fF,gG,hH,iIīí,jJ,kK,lL,mM,nN,oOò,ō,ð,pP,qQ,rR,sS,tT,uUúū,vV,wW,xX,yY,zZ",2015-04-16 07:58:33,2015-04-16 09:22:29,loader,loader,
61,436,Low German,17,LG,a.k.a. Low Saxon,60,,"aAàǣ,ā,bB,cC,dD,eEēÉe̐,é,fF,gG,hH,iIīí,jJ,kK,lL,mM,nN,oOò,ō,ð,pP,qQ,rR,sS,tT,uUúū,vV,wW,xX,yY,zZ",2015-04-16 07:58:33,2015-04-16 09:22:29,loader,loader,
62,437,Low Saxon,18,LS,a.k.a. Low Franconian,60,,"aAàǣ,ā,bB,cC,dD,eEēÉe̐,é,fF,gG,hH,iIīí,jJ,kK,lL,mM,nN,oOò,ō,ð,pP,qQ,rR,sS,tT,uUúū,vV,wW,xX,yY,zZ",2015-04-16 07:58:33,2015-04-16 09:22:29,loader,loader,
63,438,Thuringian,19,Thur,,60,,"aAàǣ,ā,bB,cC,dD,eEēÉe̐,é,fF,gG,hH,iIīí,jJ,kK,lL,mM,nN,oOò,ō,ð,pP,qQ,rR,sS,tT,uUúū,vV,wW,xX,yY,zZ",2015-04-16 07:58:33,2015-04-16 09:22:29,loader,loader,
64,439,Old High German,1,OHG,,61,,"aAàǣ,ā,bB,cC,dD,eEēÉe̐,é,fF,gG,hH,iIīí,jJ,kK,lL,mM,nN,oOò,ō,ð,pP,qQ,rR,sS,tT,uUúū,vV,wW,xX,yY,zZ",2015-04-16 07:58:33,2015-04-16 09:22:29,loader,loader,
65,440,Middle High German,2,MHG,,61,,"aAàǣ,ā,bB,cC,dD,eEēÉe̐,é,fF,gG,hH,iIīí,jJ,kK,lL,mM,nN,oOò,ō,ð,pP,qQ,rR,sS,tT,uUúū,vV,wW,xX,yY,zZ",2015-04-16 07:58:33,2015-04-16 09:22:29,loader,loader,
66,441,Middle German,3,MG,a.k.a. Frankish,61,,"aAàǣ,ā,bB,cC,dD,eEēÉe̐,é,fF,gG,hH,iIīí,jJ,kK,lL,mM,nN,oOò,ō,ð,pP,qQ,rR,sS,tT,uUúū,vV,wW,xX,yY,zZ",2015-04-16 07:58:33,2015-04-16 09:22:29,loader,loader,
67,442,Early New High German,4,ENHG,,61,,"aAàǣ,ā,bB,cC,dD,eEēÉe̐,é,fF,gG,hH,iIīí,jJ,kK,lL,mM,nN,oOò,ō,ð,pP,qQ,rR,sS,tT,uUúū,vV,wW,xX,yY,zZ",2015-04-16 07:58:33,2015-04-16 09:22:29,loader,loader,
68,443,New High German,5,NHG,a.k.a. (Standard) German,61,,"aAàǣ,ā,bB,cC,dD,eEēÉe̐,é,fF,gG,hH,iIīí,jJ,kK,lL,mM,nN,oOò,ō,ð,pP,qQ,rR,sS,tT,uUúū,vV,wW,xX,yY,zZ",2015-04-16 07:58:33,2015-04-16 09:22:29,loader,loader,
69,444,German,6,G,a.k.a. Standard German,61,,"aAàǣ,ā,bB,cC,dD,eEēÉe̐,é,fF,gG,hH,iIīí,jJ,kK,lL,mM,nN,oOò,ō,ð,pP,qQ,rR,sS,tT,uUúū,vV,wW,xX,yY,zZ",2015-04-16 07:58:33,2015-04-16 09:22:29,loader,loader,
70,445,Bavarian,7,Bav,a.k.a. Austro-Bavarian,61,,"aAàǣ,ā,bB,cC,dD,eEēÉe̐,é,fF,gG,hH,iIīí,jJ,kK,lL,mM,nN,oOò,ō,ð,pP,qQ,rR,sS,tT,uUúū,vV,wW,xX,yY,zZ",2015-04-16 07:58:33,2015-04-16 09:22:29,loader,loader,
71,446,Alemannic,8,Alm,,61,,"aAàǣ,ā,bB,cC,dD,eEēÉe̐,é,fF,gG,hH,iIīí,jJ,kK,lL,mM,nN,oOò,ō,ð,pP,qQ,rR,sS,tT,uUúū,vV,wW,xX,yY,zZ",2015-04-16 07:58:33,2015-04-16 09:22:29,loader,loader,
72,447,Swabian,9,Swab,,61,,"aAàǣ,ā,bB,cC,dD,eEēÉe̐,é,fF,gG,hH,iIīí,jJ,kK,lL,mM,nN,oOò,ō,ð,pP,qQ,rR,sS,tT,uUúū,vV,wW,xX,yY,zZ",2015-04-16 07:58:33,2015-04-16 09:22:29,loader,loader,
73,448,Swiss German,10,Swiss,"a.k.a. Alsatian, Schwyzerdütsch",61,,"aAàǣ,ā,bB,cC,dD,eEēÉe̐,é,fF,gG,hH,iIīí,jJ,kK,lL,mM,nN,oOò,ō,ð,pP,qQ,rR,sS,tT,uUúū,vV,wW,xX,yY,zZ",2015-04-16 07:58:33,2015-04-16 09:22:29,loader,loader,
74,449,Walser,11,Wals,,61,,"aAàǣ,ā,bB,cC,dD,eEēÉe̐,é,fF,gG,hH,iIīí,jJ,kK,lL,mM,nN,oOò,ō,ð,pP,qQ,rR,sS,tT,uUúū,vV,wW,xX,yY,zZ",2015-04-16 07:58:33,2015-04-16 09:22:29,loader,loader,
75,450,Yiddish,12,Yid,,61,,"aAàǣ,ā,bB,cC,dD,eEēÉe̐,é,fF,gG,hH,iIīí,jJ,kK,lL,mM,nN,oOò,ō,ð,pP,qQ,rR,sS,tT,uUúū,vV,wW,xX,yY,zZ",2015-04-16 07:58:33,2015-04-16 09:22:29,loader,loader,
76,451,Luxembourgish,13,Lux,,61,,"aAàǣ,ā,bB,cC,dD,eEēÉe̐,é,fF,gG,hH,iIīí,jJ,kK,lL,mM,nN,oOò,ō,ð,pP,qQ,rR,sS,tT,uUúū,vV,wW,xX,yY,zZ",2015-04-16 07:58:33,2015-04-16 09:22:29,loader,loader,
77,452,Langobardic,14,Lang,a.k.a. Lombardic,61,,"aAàǣ,ā,bB,cC,dD,eEēÉe̐,é,fF,gG,hH,iIīí,jJ,kK,lL,mM,nN,oOò,ō,ð,pP,qQ,rR,sS,tT,uUúū,vV,wW,xX,yY,zZ",2015-04-16 07:58:33,2015-04-16 09:22:29,loader,loader,
78,453,Runic,1,Run,,62,,"aAàǣ,ā,bB,cC,dD,eEēÉe̐,é,fF,gG,hH,iIīí,jJ,kK,lL,mM,nN,oOò,ō,ð,pP,qQ,rR,sS,tT,uUúū,vV,wW,xX,yY,zZ",2015-04-16 07:58:33,2015-04-16 09:22:29,loader,loader,
79,454,Old Norse,2,ON,,62,,"aAàǣ,ā,bB,cC,dD,eEēÉe̐,é,fF,gG,hH,iIīí,jJ,kK,lL,mM,nN,oOò,ō,ð,pP,qQ,rR,sS,tT,uUúū,vV,wW,xX,yY,zZ",2015-04-16 07:58:33,2015-04-16 09:22:29,loader,loader,
80,455,Old West Norse,1,OWN,,63,,"aAàǣ,ā,bB,cC,dD,eEēÉe̐,é,fF,gG,hH,iIīí,jJ,kK,lL,mM,nN,oOò,ō,ð,pP,qQ,rR,sS,tT,uUúū,vV,wW,xX,yY,zZ",2015-04-16 07:58:33,2015-04-16 09:22:29,loader,loader,
81,456,Old Icelandic,2,OIce,,63,,"aAàǣ,ā,bB,cC,dD,eEēÉe̐,é,fF,gG,hH,iIīí,jJ,kK,lL,mM,nN,oOò,ō,ð,pP,qQ,rR,sS,tT,uUúū,vV,wW,xX,yY,zZ",2015-04-16 07:58:33,2015-04-16 09:22:29,loader,loader,
82,457,Icelandic,3,Ice,,63,,"aAàǣ,ā,bB,cC,dD,eEēÉe̐,é,fF,gG,hH,iIīí,jJ,kK,lL,mM,nN,oOò,ō,ð,pP,qQ,rR,sS,tT,uUúū,vV,wW,xX,yY,zZ",2015-04-16 07:58:33,2015-04-16 09:22:29,loader,loader,
83,458,Faeroese,4,Faer,a.k.a. Faroese,63,,"aAàǣ,ā,bB,cC,dD,eEēÉe̐,é,fF,gG,hH,iIīí,jJ,kK,lL,mM,nN,oOò,ō,ð,pP,qQ,rR,sS,tT,uUúū,vV,wW,xX,yY,zZ",2015-04-16 07:58:33,2015-04-16 09:22:29,loader,loader,
84,459,Norn,5,Norn,,63,,"aAàǣ,ā,bB,cC,dD,eEēÉe̐,é,fF,gG,hH,iIīí,jJ,kK,lL,mM,nN,oOò,ō,ð,pP,qQ,rR,sS,tT,uUúū,vV,wW,xX,yY,zZ",2015-04-16 07:58:33,2015-04-16 09:22:29,loader,loader,
85,460,Old Norwegian,6,ONorw,,63,,"aAàǣ,ā,bB,cC,dD,eEēÉe̐,é,fF,gG,hH,iIīí,jJ,kK,lL,mM,nN,oOò,ō,ð,pP,qQ,rR,sS,tT,uUúū,vV,wW,xX,yY,zZ",2015-04-16 07:58:33,2015-04-16 09:22:29,loader,loader,
86,461,Middle Norwegian,7,MNorw,,63,,"aAàǣ,ā,bB,cC,dD,eEēÉe̐,é,fF,gG,hH,iIīí,jJ,kK,lL,mM,nN,oOò,ō,ð,pP,qQ,rR,sS,tT,uUúū,vV,wW,xX,yY,zZ",2015-04-16 07:58:33,2015-04-16 09:22:29,loader,loader,
87,462,Norwegian,8,Norw,,63,,"aAàǣ,ā,bB,cC,dD,eEēÉe̐,é,fF,gG,hH,iIīí,jJ,kK,lL,mM,nN,oOò,ō,ð,pP,qQ,rR,sS,tT,uUúū,vV,wW,xX,yY,zZ",2015-04-16 07:58:33,2015-04-16 09:22:29,loader,loader,
88,463,Norwegian Bokmål,9,NBok,,63,,"aAàǣ,ā,bB,cC,dD,eEēÉe̐,é,fF,gG,hH,iIīí,jJ,kK,lL,mM,nN,oOò,ō,ð,pP,qQ,rR,sS,tT,uUúū,vV,wW,xX,yY,zZ",2015-04-16 07:58:33,2015-04-16 09:22:29,loader,loader,
89,464,New Norwegian,10,NNorw,a.k.a. Nynorsk,63,,"aAàǣ,ā,bB,cC,dD,eEēÉe̐,é,fF,gG,hH,iIīí,jJ,kK,lL,mM,nN,oOò,ō,ð,pP,qQ,rR,sS,tT,uUúū,vV,wW,xX,yY,zZ",2015-04-16 07:58:33,2015-04-16 09:22:29,loader,loader,
90,465,Jamtska,11,Jamt,,63,,"aAàǣ,ā,bB,cC,dD,eEēÉe̐,é,fF,gG,hH,iIīí,jJ,kK,lL,mM,nN,oOò,ō,ð,pP,qQ,rR,sS,tT,uUúū,vV,wW,xX,yY,zZ",2015-04-16 07:58:33,2015-04-16 09:22:29,loader,loader,
91,466,Old East Norse,1,OEN,,64,,"aAàǣ,ā,bB,cC,dD,eEēÉe̐,é,fF,gG,hH,iIīí,jJ,kK,lL,mM,nN,oOò,ō,ð,pP,qQ,rR,sS,tT,uUúū,vV,wW,xX,yY,zZ",2015-04-16 07:58:33,2015-04-16 09:22:30,loader,loader,
92,467,Old Danish,2,ODan,,64,,"aAàǣ,ā,bB,cC,dD,eEēÉe̐,é,fF,gG,hH,iIīí,jJ,kK,lL,mM,nN,oOò,ō,ð,pP,qQ,rR,sS,tT,uUúū,vV,wW,xX,yY,zZ",2015-04-16 07:58:33,2015-04-16 09:22:30,loader,loader,
93,468,Middle Danish,3,MDan,,64,,"aAàǣ,ā,bB,cC,dD,eEēÉe̐,é,fF,gG,hH,iIīí,jJ,kK,lL,mM,nN,oOò,ō,ð,pP,qQ,rR,sS,tT,uUúū,vV,wW,xX,yY,zZ",2015-04-16 07:58:33,2015-04-16 09:22:30,loader,loader,
94,469,Danish,4,Dan,,64,,"aAàǣ,ā,bB,cC,dD,eEēÉe̐,é,fF,gG,hH,iIīí,jJ,kK,lL,mM,nN,oOò,ō,ð,pP,qQ,rR,sS,tT,uUúū,vV,wW,xX,yY,zZ",2015-04-16 07:58:33,2015-04-16 09:22:30,loader,loader,
95,470,Old Swedish,5,OSw,,64,,"aAàǣ,ā,bB,cC,dD,eEēÉe̐,é,fF,gG,hH,iIīí,jJ,kK,lL,mM,nN,oOò,ō,ð,pP,qQ,rR,sS,tT,uUúū,vV,wW,xX,yY,zZ",2015-04-16 07:58:33,2015-04-16 09:22:30,loader,loader,
96,471,Middle Swedish,6,MSw,,64,,"aAàǣ,ā,bB,cC,dD,eEēÉe̐,é,fF,gG,hH,iIīí,jJ,kK,lL,mM,nN,oOò,ō,ð,pP,qQ,rR,sS,tT,uUúū,vV,wW,xX,yY,zZ",2015-04-16 07:58:33,2015-04-16 09:22:30,loader,loader,
97,472,Swedish,7,Sw,,64,,"aAàǣ,ā,bB,cC,dD,eEēÉe̐,é,fF,gG,hH,iIīí,jJ,kK,lL,mM,nN,oOò,ō,ð,pP,qQ,rR,sS,tT,uUúū,vV,wW,xX,yY,zZ",2015-04-16 07:58:33,2015-04-16 09:22:30,loader,loader,
98,473,Old Gutnish,8,OGut,,64,,"aAàǣ,ā,bB,cC,dD,eEēÉe̐,é,fF,gG,hH,iIīí,jJ,kK,lL,mM,nN,oOò,ō,ð,pP,qQ,rR,sS,tT,uUúū,vV,wW,xX,yY,zZ",2015-04-16 07:58:33,2015-04-16 09:22:30,loader,loader,
99,474,Gutnish,9,Gut,,64,,"aAàǣ,ā,bB,cC,dD,eEēÉe̐,é,fF,gG,hH,iIīí,jJ,kK,lL,mM,nN,oOò,ō,ð,pP,qQ,rR,sS,tT,uUúū,vV,wW,xX,yY,zZ",2015-04-16 07:58:33,2015-04-16 09:22:30,loader,loader,
100,475,Gothic,1,Go,,65,,"aAàǣ,ā,bB,cC,dD,eEēÉe̐,é,fF,gG,hH,iIīí,jJ,kK,lL,mM,nN,oOò,ō,ð,pP,qQ,rR,sS,tT,uUúū,vV,wW,xX,yY,zZ",2015-04-16 07:58:33,2015-04-16 09:22:30,loader,loader,
101,476,Visigoth,2,VisGo,,65,,"aAàǣ,ā,bB,cC,dD,eEēÉe̐,é,fF,gG,hH,iIīí,jJ,kK,lL,mM,nN,oOò,ō,ð,pP,qQ,rR,sS,tT,uUúū,vV,wW,xX,yY,zZ",2015-04-16 07:58:33,2015-04-16 09:22:30,loader,loader,
102,477,Ostrogoth,3,OstGo,,65,,"aAàǣ,ā,bB,cC,dD,eEēÉe̐,é,fF,gG,hH,iIīí,jJ,kK,lL,mM,nN,oOò,ō,ð,pP,qQ,rR,sS,tT,uUúū,vV,wW,xX,yY,zZ",2015-04-16 07:58:33,2015-04-16 09:22:30,loader,loader,
103,478,Crimean Gothic,4,CrGo,,65,,"aAàǣ,ā,bB,cC,dD,eEēÉe̐,é,fF,gG,hH,iIīí,jJ,kK,lL,mM,nN,oOò,ō,ð,pP,qQ,rR,sS,tT,uUúū,vV,wW,xX,yY,zZ",2015-04-16 07:58:33,2015-04-16 09:22:30,loader,loader,
104,479,Vandalic,1,Vand,,66,,"aAàǣ,ā,bB,cC,dD,eEēÉe̐,é,fF,gG,hH,iIīí,jJ,kK,lL,mM,nN,oOò,ō,ð,pP,qQ,rR,sS,tT,uUúū,vV,wW,xX,yY,zZ",2015-04-16 07:58:33,2015-04-16 09:22:30,loader,loader,
105,480,Burgundian,2,Burg,,66,,"aAàǣ,ā,bB,cC,dD,eEēÉe̐,é,fF,gG,hH,iIīí,jJ,kK,lL,mM,nN,oOò,ō,ð,pP,qQ,rR,sS,tT,uUúū,vV,wW,xX,yY,zZ",2015-04-16 07:58:33,2015-04-16 09:22:30,loader,loader,
106,481,Venetic,1,Ven,,67,,"aAàǣ,ā,bB,cC,dD,eEēÉe̐,é,fF,gG,hH,iIīí,jJ,kK,lL,mM,nN,oOò,ō,ð,pP,qQ,rR,sS,tT,uUúū,vV,wW,xX,yY,zZ",2015-04-16 07:58:33,2015-04-16 09:22:30,loader,loader,
107,482,Aequian,2,Aeq,,67,,"aAàǣ,ā,bB,cC,dD,eEēÉe̐,é,fF,gG,hH,iIīí,jJ,kK,lL,mM,nN,oOò,ō,ð,pP,qQ,rR,sS,tT,uUúū,vV,wW,xX,yY,zZ",2015-04-16 07:58:33,2015-04-16 09:22:30,loader,loader,
108,483,Vestinian,3,Vest,,67,,"aAàǣ,ā,bB,cC,dD,eEēÉe̐,é,fF,gG,hH,iIīí,jJ,kK,lL,mM,nN,oOò,ō,ð,pP,qQ,rR,sS,tT,uUúū,vV,wW,xX,yY,zZ",2015-04-16 07:58:33,2015-04-16 09:22:30,loader,loader,
109,484,Oscan,1,Osc,,68,,"aAàǣ,ā,bB,cC,dD,eEēÉe̐,é,fF,gG,hH,iIīí,jJ,kK,lL,mM,nN,oOò,ō,ð,pP,qQ,rR,sS,tT,uUúū,vV,wW,xX,yY,zZ",2015-04-16 07:58:33,2015-04-16 09:22:30,loader,loader,
110,485,Hernican,2,Hern,,68,,"aAàǣ,ā,bB,cC,dD,eEēÉe̐,é,fF,gG,hH,iIīí,jJ,kK,lL,mM,nN,oOò,ō,ð,pP,qQ,rR,sS,tT,uUúū,vV,wW,xX,yY,zZ",2015-04-16 07:58:33,2015-04-16 09:22:30,loader,loader,
111,486,Marrucinian,3,Marr,,68,,"aAàǣ,ā,bB,cC,dD,eEēÉe̐,é,fF,gG,hH,iIīí,jJ,kK,lL,mM,nN,oOò,ō,ð,pP,qQ,rR,sS,tT,uUúū,vV,wW,xX,yY,zZ",2015-04-16 07:58:33,2015-04-16 09:22:30,loader,loader,
112,487,Paelignian,4,Pael,,68,,"aAàǣ,ā,bB,cC,dD,eEēÉe̐,é,fF,gG,hH,iIīí,jJ,kK,lL,mM,nN,oOò,ō,ð,pP,qQ,rR,sS,tT,uUúū,vV,wW,xX,yY,zZ",2015-04-16 07:58:33,2015-04-16 09:22:30,loader,loader,
113,488,Umbrian,5,Umb,,68,,"aAàǣ,ā,bB,cC,dD,eEēÉe̐,é,fF,gG,hH,iIīí,jJ,kK,lL,mM,nN,oOò,ō,ð,pP,qQ,rR,sS,tT,uUúū,vV,wW,xX,yY,zZ",2015-04-16 07:58:33,2015-04-16 09:22:30,loader,loader,
114,489,Marsian,6,Mars,,68,,"aAàǣ,ā,bB,cC,dD,eEēÉe̐,é,fF,gG,hH,iIīí,jJ,kK,lL,mM,nN,oOò,ō,ð,pP,qQ,rR,sS,tT,uUúū,vV,wW,xX,yY,zZ",2015-04-16 07:58:33,2015-04-16 09:22:30,loader,loader,
115,490,Sabine,7,Sab,,68,,"aAàǣ,ā,bB,cC,dD,eEēÉe̐,é,fF,gG,hH,iIīí,jJ,kK,lL,mM,nN,oOò,ō,ð,pP,qQ,rR,sS,tT,uUúū,vV,wW,xX,yY,zZ",2015-04-16 07:58:33,2015-04-16 09:22:30,loader,loader,
116,491,South Picene,8,SPic,,68,,"aAàǣ,ā,bB,cC,dD,eEēÉe̐,é,fF,gG,hH,iIīí,jJ,kK,lL,mM,nN,oOò,ō,ð,pP,qQ,rR,sS,tT,uUúū,vV,wW,xX,yY,zZ",2015-04-16 07:58:33,2015-04-16 09:22:30,loader,loader,
117,492,Volscian,9,Vol,,68,,"aAàǣ,ā,bB,cC,dD,eEēÉe̐,é,fF,gG,hH,iIīí,jJ,kK,lL,mM,nN,oOò,ō,ð,pP,qQ,rR,sS,tT,uUúū,vV,wW,xX,yY,zZ",2015-04-16 07:58:33,2015-04-16 09:22:30,loader,loader,
118,493,Faliscan,1,Fal,,69,,"aAàǣ,ā,bB,cC,dD,eEēÉe̐,é,fF,gG,hH,iIīí,jJ,kK,lL,mM,nN,oOò,ō,ð,pP,qQ,rR,sS,tT,uUúū,vV,wW,xX,yY,zZ",2015-04-16 07:58:33,2015-04-16 09:22:30,loader,loader,
119,494,Old Latin,2,OLat,,69,,"aAàǣ,ā,bB,cC,dD,eEēÉe̐,é,fF,gG,hH,iIīí,jJ,kK,lL,mM,nN,oOò,ō,ð,pP,qQ,rR,sS,tT,uUúū,vV,wW,xX,yY,zZ",2015-04-16 07:58:33,2015-04-16 09:22:30,loader,loader,
120,495,Latin,3,Lat,,69,,"aAàǣ,ā,bB,cC,dD,eEēÉe̐,é,fF,gG,hH,iIīí,jJ,kK,lL,mM,nN,oOò,ō,ð,pP,qQ,rR,sS,tT,uUúū,vV,wW,xX,yY,zZ",2015-04-16 07:58:33,2015-04-16 09:22:30,loader,loader,
121,496,Vulgar Latin,4,VLat,,69,,"aAàǣ,ā,bB,cC,dD,eEēÉe̐,é,fF,gG,hH,iIīí,jJ,kK,lL,mM,nN,oOò,ō,ð,pP,qQ,rR,sS,tT,uUúū,vV,wW,xX,yY,zZ",2015-04-16 07:58:33,2015-04-16 09:22:30,loader,loader,
122,497,Late Latin,5,LLat,,69,,"aAàǣ,ā,bB,cC,dD,eEēÉe̐,é,fF,gG,hH,iIīí,jJ,kK,lL,mM,nN,oOò,ō,ð,pP,qQ,rR,sS,tT,uUúū,vV,wW,xX,yY,zZ",2015-04-16 07:58:33,2015-04-16 09:22:30,loader,loader,
123,498,Middle Latin,6,MLat,,69,,"aAàǣ,ā,bB,cC,dD,eEēÉe̐,é,fF,gG,hH,iIīí,jJ,kK,lL,mM,nN,oOò,ō,ð,pP,qQ,rR,sS,tT,uUúū,vV,wW,xX,yY,zZ",2015-04-16 07:58:33,2015-04-16 09:22:30,loader,loader,
124,499,Medieval Latin,7,MELat,a.k.a. Low Latin,69,,"aAàǣ,ā,bB,cC,dD,eEēÉe̐,é,fF,gG,hH,iIīí,jJ,kK,lL,mM,nN,oOò,ō,ð,pP,qQ,rR,sS,tT,uUúū,vV,wW,xX,yY,zZ",2015-04-16 07:58:33,2015-04-16 09:22:30,loader,loader,
125,500,New Latin,8,NLat,,69,,"aAàǣ,ā,bB,cC,dD,eEēÉe̐,é,fF,gG,hH,iIīí,jJ,kK,lL,mM,nN,oOò,ō,ð,pP,qQ,rR,sS,tT,uUúū,vV,wW,xX,yY,zZ",2015-04-16 07:58:33,2015-04-16 09:22:30,loader,loader,
126,501,Old Portuguese,1,OPort,"a.k.a. Medieval Galician, Galician-Portuguese",70,,"aAàǣ,ā,bB,cC,dD,eEēÉe̐,é,fF,gG,hH,iIīí,jJ,kK,lL,mM,nN,oOò,ō,ð,pP,qQ,rR,sS,tT,uUúū,vV,wW,xX,yY,zZ",2015-04-16 07:58:33,2015-04-16 09:22:30,loader,loader,
127,502,Portuguese,2,Port,,70,,"aAàǣ,ā,bB,cC,dD,eEēÉe̐,é,fF,gG,hH,iIīí,jJ,kK,lL,mM,nN,oOò,ō,ð,pP,qQ,rR,sS,tT,uUúū,vV,wW,xX,yY,zZ",2015-04-16 07:58:33,2015-04-16 09:22:30,loader,loader,
128,503,Galician,3,Gali,a.k.a. Galego,70,,"aAàǣ,ā,bB,cC,dD,eEēÉe̐,é,fF,gG,hH,iIīí,jJ,kK,lL,mM,nN,oOò,ō,ð,pP,qQ,rR,sS,tT,uUúū,vV,wW,xX,yY,zZ",2015-04-16 07:58:33,2015-04-16 09:22:30,loader,loader,
129,504,Old Spanish,4,OSp,,70,,"aAàǣ,ā,bB,cC,dD,eEēÉe̐,é,fF,gG,hH,iIīí,jJ,kK,lL,mM,nN,oOò,ō,ð,pP,qQ,rR,sS,tT,uUúū,vV,wW,xX,yY,zZ",2015-04-16 07:58:33,2015-04-16 09:22:30,loader,loader,
130,505,Middle Spanish,5,MSp,,70,,"aAàǣ,ā,bB,cC,dD,eEēÉe̐,é,fF,gG,hH,iIīí,jJ,kK,lL,mM,nN,oOò,ō,ð,pP,qQ,rR,sS,tT,uUúū,vV,wW,xX,yY,zZ",2015-04-16 07:58:33,2015-04-16 09:22:30,loader,loader,
131,506,Classical Spanish,6,ClSp,,70,,"aAàǣ,ā,bB,cC,dD,eEēÉe̐,é,fF,gG,hH,iIīí,jJ,kK,lL,mM,nN,oOò,ō,ð,pP,qQ,rR,sS,tT,uUúū,vV,wW,xX,yY,zZ",2015-04-16 07:58:33,2015-04-16 09:22:30,loader,loader,
132,507,Ladino,7,Lad,"a.k.a. Sefardi, Judaeo-Spanish",70,,"aAàǣ,ā,bB,cC,dD,eEēÉe̐,é,fF,gG,hH,iIīí,jJ,kK,lL,mM,nN,oOò,ō,ð,pP,qQ,rR,sS,tT,uUúū,vV,wW,xX,yY,zZ",2015-04-16 07:58:33,2015-04-16 09:22:30,loader,loader,
133,508,Spanish,8,Sp,,70,,"aAàǣ,ā,bB,cC,dD,eEēÉe̐,é,fF,gG,hH,iIīí,jJ,kK,lL,mM,nN,oOò,ō,ð,pP,qQ,rR,sS,tT,uUúū,vV,wW,xX,yY,zZ",2015-04-16 07:58:33,2015-04-16 09:22:30,loader,loader,
134,509,American Spanish,9,AmSp,a.k.a. New World Spanish,70,,"aAàǣ,ā,bB,cC,dD,eEēÉe̐,é,fF,gG,hH,iIīí,jJ,kK,lL,mM,nN,oOò,ō,ð,pP,qQ,rR,sS,tT,uUúū,vV,wW,xX,yY,zZ",2015-04-16 07:58:33,2015-04-16 09:22:30,loader,loader,
135,510,Mexican Spanish,10,MexSp,,70,,"aAàǣ,ā,bB,cC,dD,eEēÉe̐,é,fF,gG,hH,iIīí,jJ,kK,lL,mM,nN,oOò,ō,ð,pP,qQ,rR,sS,tT,uUúū,vV,wW,xX,yY,zZ",2015-04-16 07:58:33,2015-04-16 09:22:30,loader,loader,
136,511,Aragonese,11,Arag,,70,,"aAàǣ,ā,bB,cC,dD,eEēÉe̐,é,fF,gG,hH,iIīí,jJ,kK,lL,mM,nN,oOò,ō,ð,pP,qQ,rR,sS,tT,uUúū,vV,wW,xX,yY,zZ",2015-04-16 07:58:33,2015-04-16 09:22:30,loader,loader,
137,512,Old Catalan,12,OCat,,70,,"aAàǣ,ā,bB,cC,dD,eEēÉe̐,é,fF,gG,hH,iIīí,jJ,kK,lL,mM,nN,oOò,ō,ð,pP,qQ,rR,sS,tT,uUúū,vV,wW,xX,yY,zZ",2015-04-16 07:58:33,2015-04-16 09:22:30,loader,loader,
138,513,Catalan,13,Cat,,70,,"aAàǣ,ā,bB,cC,dD,eEēÉe̐,é,fF,gG,hH,iIīí,jJ,kK,lL,mM,nN,oOò,ō,ð,pP,qQ,rR,sS,tT,uUúū,vV,wW,xX,yY,zZ",2015-04-16 07:58:33,2015-04-16 09:22:30,loader,loader,
139,514,Old French,14,OFr,,70,,"aAàǣ,ā,bB,cC,dD,eEēÉe̐,é,fF,gG,hH,iIīí,jJ,kK,lL,mM,nN,oOò,ō,ð,pP,qQ,rR,sS,tT,uUúū,vV,wW,xX,yY,zZ",2015-04-16 07:58:33,2015-04-16 09:22:30,loader,loader,
140,515,Old North French,15,ONFr,,70,,"aAàǣ,ā,bB,cC,dD,eEēÉe̐,é,fF,gG,hH,iIīí,jJ,kK,lL,mM,nN,oOò,ō,ð,pP,qQ,rR,sS,tT,uUúū,vV,wW,xX,yY,zZ",2015-04-16 07:58:33,2015-04-16 09:22:30,loader,loader,
141,516,Anglo-French,16,AngFr,a.k.a. Anglo-Norman,70,,"aAàǣ,ā,bB,cC,dD,eEēÉe̐,é,fF,gG,hH,iIīí,jJ,kK,lL,mM,nN,oOò,ō,ð,pP,qQ,rR,sS,tT,uUúū,vV,wW,xX,yY,zZ",2015-04-16 07:58:33,2015-04-16 09:22:30,loader,loader,
142,517,Walloon,17,Wall,,70,,"aAàǣ,ā,bB,cC,dD,eEēÉe̐,é,fF,gG,hH,iIīí,jJ,kK,lL,mM,nN,oOò,ō,ð,pP,qQ,rR,sS,tT,uUúū,vV,wW,xX,yY,zZ",2015-04-16 07:58:33,2015-04-16 09:22:30,loader,loader,
143,518,Middle French,18,MFr,,70,,"aAàǣ,ā,bB,cC,dD,eEēÉe̐,é,fF,gG,hH,iIīí,jJ,kK,lL,mM,nN,oOò,ō,ð,pP,qQ,rR,sS,tT,uUúū,vV,wW,xX,yY,zZ",2015-04-16 07:58:33,2015-04-16 09:22:30,loader,loader,
144,519,French,19,Fr,,70,,"aAàǣ,ā,bB,cC,dD,eEēÉe̐,é,fF,gG,hH,iIīí,jJ,kK,lL,mM,nN,oOò,ō,ð,pP,qQ,rR,sS,tT,uUúū,vV,wW,xX,yY,zZ",2015-04-16 07:58:33,2015-04-16 09:22:30,loader,loader,
145,520,American French,20,AmFr,,70,,"aAàǣ,ā,bB,cC,dD,eEēÉe̐,é,fF,gG,hH,iIīí,jJ,kK,lL,mM,nN,oOò,ō,ð,pP,qQ,rR,sS,tT,uUúū,vV,wW,xX,yY,zZ",2015-04-16 07:58:33,2015-04-16 09:22:30,loader,loader,
146,521,Canadian French,21,CanFr,a.k.a. Quebec French,70,,"aAàǣ,ā,bB,cC,dD,eEēÉe̐,é,fF,gG,hH,iIīí,jJ,kK,lL,mM,nN,oOò,ō,ð,pP,qQ,rR,sS,tT,uUúū,vV,wW,xX,yY,zZ",2015-04-16 07:58:33,2015-04-16 09:22:30,loader,loader,
147,522,Acadian French,22,AcadFr,,70,,"aAàǣ,ā,bB,cC,dD,eEēÉe̐,é,fF,gG,hH,iIīí,jJ,kK,lL,mM,nN,oOò,ō,ð,pP,qQ,rR,sS,tT,uUúū,vV,wW,xX,yY,zZ",2015-04-16 07:58:33,2015-04-16 09:22:30,loader,loader,
148,523,Cajun French,23,LaFr,,70,,"aAàǣ,ā,bB,cC,dD,eEēÉe̐,é,fF,gG,hH,iIīí,jJ,kK,lL,mM,nN,oOò,ō,ð,pP,qQ,rR,sS,tT,uUúū,vV,wW,xX,yY,zZ",2015-04-16 07:58:33,2015-04-16 09:22:30,loader,loader,
149,524,Old Provençal,24,OProv,a.k.a. Old Occitan,70,,"aAàǣ,ā,bB,cC,dD,eEēÉe̐,é,fF,gG,hH,iIīí,jJ,kK,lL,mM,nN,oOò,ō,ð,pP,qQ,rR,sS,tT,uUúū,vV,wW,xX,yY,zZ",2015-04-16 07:58:33,2015-04-16 09:22:30,loader,loader,
150,525,Old Occitan,25,OOcc,,70,,"aAàǣ,ā,bB,cC,dD,eEēÉe̐,é,fF,gG,hH,iIīí,jJ,kK,lL,mM,nN,oOò,ō,ð,pP,qQ,rR,sS,tT,uUúū,vV,wW,xX,yY,zZ",2015-04-16 07:58:33,2015-04-16 09:22:30,loader,loader,
151,526,Occitan,26,Occ,a.k.a. Occitanian,70,,"aAàǣ,ā,bB,cC,dD,eEēÉe̐,é,fF,gG,hH,iIīí,jJ,kK,lL,mM,nN,oOò,ō,ð,pP,qQ,rR,sS,tT,uUúū,vV,wW,xX,yY,zZ",2015-04-16 07:58:33,2015-04-16 09:22:30,loader,loader,
152,527,Provençal,27,Prov,,70,,"aAàǣ,ā,bB,cC,dD,eEēÉe̐,é,fF,gG,hH,iIīí,jJ,kK,lL,mM,nN,oOò,ō,ð,pP,qQ,rR,sS,tT,uUúū,vV,wW,xX,yY,zZ",2015-04-16 07:58:33,2015-04-16 09:22:30,loader,loader,
153,528,Old Italian,28,OIt,,70,,"aAàǣ,ā,bB,cC,dD,eEēÉe̐,é,fF,gG,hH,iIīí,jJ,kK,lL,mM,nN,oOò,ō,ð,pP,qQ,rR,sS,tT,uUúū,vV,wW,xX,yY,zZ",2015-04-16 07:58:33,2015-04-16 09:22:30,loader,loader,
154,529,Italian,29,It,,70,,"aAàǣ,ā,bB,cC,dD,eEēÉe̐,é,fF,gG,hH,iIīí,jJ,kK,lL,mM,nN,oOò,ō,ð,pP,qQ,rR,sS,tT,uUúū,vV,wW,xX,yY,zZ",2015-04-16 07:58:33,2015-04-16 09:22:30,loader,loader,
155,530,Neapolitan,30,Neap,,70,,"aAàǣ,ā,bB,cC,dD,eEēÉe̐,é,fF,gG,hH,iIīí,jJ,kK,lL,mM,nN,oOò,ō,ð,pP,qQ,rR,sS,tT,uUúū,vV,wW,xX,yY,zZ",2015-04-16 07:58:33,2015-04-16 09:22:30,loader,loader,
156,531,Romansh,31,Rom,"a.k.a. Romansch, Rhaeto-Romance",70,,"aAàǣ,ā,bB,cC,dD,eEēÉe̐,é,fF,gG,hH,iIīí,jJ,kK,lL,mM,nN,oOò,ō,ð,pP,qQ,rR,sS,tT,uUúū,vV,wW,xX,yY,zZ",2015-04-16 07:58:33,2015-04-16 09:22:30,loader,loader,
157,532,Corsican,1,Cors,,71,,"aAàǣ,ā,bB,cC,dD,eEēÉe̐,é,fF,gG,hH,iIīí,jJ,kK,lL,mM,nN,oOò,ō,ð,pP,qQ,rR,sS,tT,uUúū,vV,wW,xX,yY,zZ",2015-04-16 07:58:33,2015-04-16 09:22:30,loader,loader,
158,533,Sardinian,2,Sard,,71,,"aAàǣ,ā,bB,cC,dD,eEēÉe̐,é,fF,gG,hH,iIīí,jJ,kK,lL,mM,nN,oOò,ō,ð,pP,qQ,rR,sS,tT,uUúū,vV,wW,xX,yY,zZ",2015-04-16 07:58:33,2015-04-16 09:22:30,loader,loader,
159,534,Sicilian,3,Sic,,71,,"aAàǣ,ā,bB,cC,dD,eEēÉe̐,é,fF,gG,hH,iIīí,jJ,kK,lL,mM,nN,oOò,ō,ð,pP,qQ,rR,sS,tT,uUúū,vV,wW,xX,yY,zZ",2015-04-16 07:58:33,2015-04-16 09:22:30,loader,loader,
160,535,Dalmatian,1,Dalm,,72,,"aAàǣ,ā,bB,cC,dD,eEēÉe̐,é,fF,gG,hH,iIīí,jJ,kK,lL,mM,nN,oOò,ō,ð,pP,qQ,rR,sS,tT,uUúū,vV,wW,xX,yY,zZ",2015-04-16 07:58:33,2015-04-16 09:22:30,loader,loader,
161,536,Rumanian,2,Rum,a.k.a. Romanian,72,,"aAàǣ,ā,bB,cC,dD,eEēÉe̐,é,fF,gG,hH,iIīí,jJ,kK,lL,mM,nN,oOò,ō,ð,pP,qQ,rR,sS,tT,uUúū,vV,wW,xX,yY,zZ",2015-04-16 07:58:33,2015-04-16 09:22:30,loader,loader,
162,537,Moldavian,3,Mold,a.k.a. Moldovan,72,,"aAàǣ,ā,bB,cC,dD,eEēÉe̐,é,fF,gG,hH,iIīí,jJ,kK,lL,mM,nN,oOò,ō,ð,pP,qQ,rR,sS,tT,uUúū,vV,wW,xX,yY,zZ",2015-04-16 07:58:33,2015-04-16 09:22:30,loader,loader,
163,538,Aromanian,4,Arom,"a.k.a. Arumanian, Macedo-Romanian",72,,"aAàǣ,ā,bB,cC,dD,eEēÉe̐,é,fF,gG,hH,iIīí,jJ,kK,lL,mM,nN,oOò,ō,ð,pP,qQ,rR,sS,tT,uUúū,vV,wW,xX,yY,zZ",2015-04-16 07:58:33,2015-04-16 09:22:30,loader,loader,
164,539,Istro Romanian,5,Istr,,72,,"aAàǣ,ā,bB,cC,dD,eEēÉe̐,é,fF,gG,hH,iIīí,jJ,kK,lL,mM,nN,oOò,ō,ð,pP,qQ,rR,sS,tT,uUúū,vV,wW,xX,yY,zZ",2015-04-16 07:58:33,2015-04-16 09:22:30,loader,loader,
165,540,Megleno Romanian,6,Megl,,72,,"aAàǣ,ā,bB,cC,dD,eEēÉe̐,é,fF,gG,hH,iIīí,jJ,kK,lL,mM,nN,oOò,ō,ð,pP,qQ,rR,sS,tT,uUúū,vV,wW,xX,yY,zZ",2015-04-16 07:58:33,2015-04-16 09:22:30,loader,loader,
166,541,Nadruvian,1,Nadr,,73,Baltic,"aAàǣ,ā,bB,cC,dD,eEēÉe̐,é,fF,gG,hH,iIīí,jJ,kK,lL,mM,nN,oOò,ō,ð,pP,qQ,rR,sS,tT,uUúū,vV,wW,xX,yY,zZ",2015-04-16 07:58:34,2015-04-16 09:22:30,loader,loader,
167,542,Skalvian,2,Skal,,73,Baltic,"aAàǣ,ā,bB,cC,dD,eEēÉe̐,é,fF,gG,hH,iIīí,jJ,kK,lL,mM,nN,oOò,ō,ð,pP,qQ,rR,sS,tT,uUúū,vV,wW,xX,yY,zZ",2015-04-16 07:58:34,2015-04-16 09:22:30,loader,loader,
168,543,Galindan,1,Galin,,74,Baltic,"aAàǣ,ā,bB,cC,dD,eEēÉe̐,é,fF,gG,hH,iIīí,jJ,kK,lL,mM,nN,oOò,ō,ð,pP,qQ,rR,sS,tT,uUúū,vV,wW,xX,yY,zZ",2015-04-16 07:58:34,2015-04-16 09:22:30,loader,loader,
169,544,Sudovian,2,Sudo,a.k.a. Yotvingian,74,Baltic,"aAàǣ,ā,bB,cC,dD,eEēÉe̐,é,fF,gG,hH,iIīí,jJ,kK,lL,mM,nN,oOò,ō,ð,pP,qQ,rR,sS,tT,uUúū,vV,wW,xX,yY,zZ",2015-04-16 07:58:34,2015-04-16 09:22:30,loader,loader,
170,545,Old Prussian,3,OPrus,a.k.a. Prussian,74,Baltic,"aAàǣ,ā,bB,cC,dD,eEēÉe̐,é,fF,gG,hH,iIīí,jJ,kK,lL,mM,nN,oOò,ō,ð,pP,qQ,rR,sS,tT,uUúū,vV,wW,xX,yY,zZ",2015-04-16 07:58:34,2015-04-16 09:22:30,loader,loader,
171,546,Curonian,1,Curo,,75,Baltic,"aAàǣ,ā,bB,cC,dD,eEēÉe̐,é,fF,gG,hH,iIīí,jJ,kK,lL,mM,nN,oOò,ō,ð,pP,qQ,rR,sS,tT,uUúū,vV,wW,xX,yY,zZ",2015-04-16 07:58:34,2015-04-16 09:22:30,loader,loader,
172,547,Selonian,2,Sel,,75,Baltic,"aAàǣ,ā,bB,cC,dD,eEēÉe̐,é,fF,gG,hH,iIīí,jJ,kK,lL,mM,nN,oOò,ō,ð,pP,qQ,rR,sS,tT,uUúū,vV,wW,xX,yY,zZ",2015-04-16 07:58:34,2015-04-16 09:22:30,loader,loader,
173,548,Zemgalian,3,Zem,a.k.a. Semigallian,75,Baltic,"aAàǣ,ā,bB,cC,dD,eEēÉe̐,é,fF,gG,hH,iIīí,jJ,kK,lL,mM,nN,oOò,ō,ð,pP,qQ,rR,sS,tT,uUúū,vV,wW,xX,yY,zZ",2015-04-16 07:58:34,2015-04-16 09:22:30,loader,loader,
174,549,Old Lithuanian,4,OLith,,75,Baltic,"aAàǣ,ā,bB,cC,dD,eEēÉe̐,é,fF,gG,hH,iIīí,jJ,kK,lL,mM,nN,oOò,ō,ð,pP,qQ,rR,sS,tT,uUúū,vV,wW,xX,yY,zZ",2015-04-16 07:58:34,2015-04-16 09:22:30,loader,loader,
175,550,Low Lithuanian,5,LLith,,75,Baltic,"aAàǣ,ā,bB,cC,dD,eEēÉe̐,é,fF,gG,hH,iIīí,jJ,kK,lL,mM,nN,oOò,ō,ð,pP,qQ,rR,sS,tT,uUúū,vV,wW,xX,yY,zZ",2015-04-16 07:58:34,2015-04-16 09:22:30,loader,loader,
176,551,Lithuanian,6,Lith,,75,Baltic,"aAàǣ,ā,bB,cC,dD,eEēÉe̐,é,fF,gG,hH,iIīí,jJ,kK,lL,mM,nN,oOò,ō,ð,pP,qQ,rR,sS,tT,uUúū,vV,wW,xX,yY,zZ",2015-04-16 07:58:34,2015-04-16 09:22:30,loader,loader,
177,552,Latvian,7,Latv,a.k.a. Lettish,75,Baltic,"aAàǣ,ā,bB,cC,dD,eEēÉe̐,é,fF,gG,hH,iIīí,jJ,kK,lL,mM,nN,oOò,ō,ð,pP,qQ,rR,sS,tT,uUúū,vV,wW,xX,yY,zZ",2015-04-16 07:58:34,2015-04-16 09:22:30,loader,loader,
178,553,Old Slavic,1,OSlav,,76,Slavic,"aAàǣ,ā,bB,cC,dD,eEēÉe̐,é,fF,gG,hH,iIīí,jJ,kK,lL,mM,nN,oOò,ō,ð,pP,qQ,rR,sS,tT,uUúū,vV,wW,xX,yY,zZ",2015-04-16 07:58:34,2015-04-16 09:22:30,loader,loader,
179,554,Old Polish,1,OPol,,77,Slavic,"aAàǣ,ā,bB,cC,dD,eEēÉe̐,é,fF,gG,hH,iIīí,jJ,kK,lL,mM,nN,oOò,ō,ð,pP,qQ,rR,sS,tT,uUúū,vV,wW,xX,yY,zZ",2015-04-16 07:58:34,2015-04-16 09:22:30,loader,loader,
180,555,Polish,2,Pol,,77,Slavic,"aAàǣ,ā,bB,cC,dD,eEēÉe̐,é,fF,gG,hH,iIīí,jJ,kK,lL,mM,nN,oOò,ō,ð,pP,qQ,rR,sS,tT,uUúū,vV,wW,xX,yY,zZ",2015-04-16 07:58:34,2015-04-16 09:22:30,loader,loader,
181,556,Old Pomeranian,3,OPom,,77,Slavic,"aAàǣ,ā,bB,cC,dD,eEēÉe̐,é,fF,gG,hH,iIīí,jJ,kK,lL,mM,nN,oOò,ō,ð,pP,qQ,rR,sS,tT,uUúū,vV,wW,xX,yY,zZ",2015-04-16 07:58:34,2015-04-16 09:22:31,loader,loader,
182,557,Kashubian,4,Kashub,,77,Slavic,"aAàǣ,ā,bB,cC,dD,eEēÉe̐,é,fF,gG,hH,iIīí,jJ,kK,lL,mM,nN,oOò,ō,ð,pP,qQ,rR,sS,tT,uUúū,vV,wW,xX,yY,zZ",2015-04-16 07:58:34,2015-04-16 09:22:31,loader,loader,
183,558,Polabian,5,Polab,,77,Slavic,"aAàǣ,ā,bB,cC,dD,eEēÉe̐,é,fF,gG,hH,iIīí,jJ,kK,lL,mM,nN,oOò,ō,ð,pP,qQ,rR,sS,tT,uUúū,vV,wW,xX,yY,zZ",2015-04-16 07:58:34,2015-04-16 09:22:31,loader,loader,
184,559,Old Czech,6,OCz,,77,Slavic,"aAàǣ,ā,bB,cC,dD,eEēÉe̐,é,fF,gG,hH,iIīí,jJ,kK,lL,mM,nN,oOò,ō,ð,pP,qQ,rR,sS,tT,uUúū,vV,wW,xX,yY,zZ",2015-04-16 07:58:34,2015-04-16 09:22:31,loader,loader,
185,560,Czech,7,Cz,,77,Slavic,"aAàǣ,ā,bB,cC,dD,eEēÉe̐,é,fF,gG,hH,iIīí,jJ,kK,lL,mM,nN,oOò,ō,ð,pP,qQ,rR,sS,tT,uUúū,vV,wW,xX,yY,zZ",2015-04-16 07:58:34,2015-04-16 09:22:31,loader,loader,
186,561,Knaanic,8,Knaan,"a.k.a. Canaanic, Judeo-Slavic, Leshon Knaan",77,Slavic,"aAàǣ,ā,bB,cC,dD,eEēÉe̐,é,fF,gG,hH,iIīí,jJ,kK,lL,mM,nN,oOò,ō,ð,pP,qQ,rR,sS,tT,uUúū,vV,wW,xX,yY,zZ",2015-04-16 07:58:34,2015-04-16 09:22:31,loader,loader,
187,562,Slovak,9,Slovak,,77,Slavic,"aAàǣ,ā,bB,cC,dD,eEēÉe̐,é,fF,gG,hH,iIīí,jJ,kK,lL,mM,nN,oOò,ō,ð,pP,qQ,rR,sS,tT,uUúū,vV,wW,xX,yY,zZ",2015-04-16 07:58:34,2015-04-16 09:22:31,loader,loader,
188,563,Old Sorbian,10,OSorb,,77,Slavic,"aAàǣ,ā,bB,cC,dD,eEēÉe̐,é,fF,gG,hH,iIīí,jJ,kK,lL,mM,nN,oOò,ō,ð,pP,qQ,rR,sS,tT,uUúū,vV,wW,xX,yY,zZ",2015-04-16 07:58:34,2015-04-16 09:22:31,loader,loader,
189,564,Wendish,11,Wend,a.k.a. Sorbian,77,Slavic,"aAàǣ,ā,bB,cC,dD,eEēÉe̐,é,fF,gG,hH,iIīí,jJ,kK,lL,mM,nN,oOò,ō,ð,pP,qQ,rR,sS,tT,uUúū,vV,wW,xX,yY,zZ",2015-04-16 07:58:34,2015-04-16 09:22:31,loader,loader,
190,565,Sorbian,12,Sorb,,77,Slavic,"aAàǣ,ā,bB,cC,dD,eEēÉe̐,é,fF,gG,hH,iIīí,jJ,kK,lL,mM,nN,oOò,ō,ð,pP,qQ,rR,sS,tT,uUúū,vV,wW,xX,yY,zZ",2015-04-16 07:58:34,2015-04-16 09:22:31,loader,loader,
191,566,Upper Sorbian,13,USorb,,77,Slavic,"aAàǣ,ā,bB,cC,dD,eEēÉe̐,é,fF,gG,hH,iIīí,jJ,kK,lL,mM,nN,oOò,ō,ð,pP,qQ,rR,sS,tT,uUúū,vV,wW,xX,yY,zZ",2015-04-16 07:58:34,2015-04-16 09:22:31,loader,loader,
192,567,Lower Sorbian,14,LSorb,,77,Slavic,"aAàǣ,ā,bB,cC,dD,eEēÉe̐,é,fF,gG,hH,iIīí,jJ,kK,lL,mM,nN,oOò,ō,ð,pP,qQ,rR,sS,tT,uUúū,vV,wW,xX,yY,zZ",2015-04-16 07:58:34,2015-04-16 09:22:31,loader,loader,
193,568,Lusatian,15,Lusat,,77,Slavic,"aAàǣ,ā,bB,cC,dD,eEēÉe̐,é,fF,gG,hH,iIīí,jJ,kK,lL,mM,nN,oOò,ō,ð,pP,qQ,rR,sS,tT,uUúū,vV,wW,xX,yY,zZ",2015-04-16 07:58:34,2015-04-16 09:22:31,loader,loader,
194,569,Old Serbian,1,OSerb,,78,Slavic,"aAàǣ,ā,bB,cC,dD,eEēÉe̐,é,fF,gG,hH,iIīí,jJ,kK,lL,mM,nN,oOò,ō,ð,pP,qQ,rR,sS,tT,uUúū,vV,wW,xX,yY,zZ",2015-04-16 07:58:34,2015-04-16 09:22:31,loader,loader,
195,570,Serbo-Croatian,2,SCr,,78,Slavic,"aAàǣ,ā,bB,cC,dD,eEēÉe̐,é,fF,gG,hH,iIīí,jJ,kK,lL,mM,nN,oOò,ō,ð,pP,qQ,rR,sS,tT,uUúū,vV,wW,xX,yY,zZ",2015-04-16 07:58:34,2015-04-16 09:22:31,loader,loader,
196,571,Serbian,3,Serb,,78,Slavic,"aAàǣ,ā,bB,cC,dD,eEēÉe̐,é,fF,gG,hH,iIīí,jJ,kK,lL,mM,nN,oOò,ō,ð,pP,qQ,rR,sS,tT,uUúū,vV,wW,xX,yY,zZ",2015-04-16 07:58:34,2015-04-16 09:22:31,loader,loader,
197,572,Croatian,4,Croat,,78,Slavic,"aAàǣ,ā,bB,cC,dD,eEēÉe̐,é,fF,gG,hH,iIīí,jJ,kK,lL,mM,nN,oOò,ō,ð,pP,qQ,rR,sS,tT,uUúū,vV,wW,xX,yY,zZ",2015-04-16 07:58:34,2015-04-16 09:22:31,loader,loader,
198,573,Bosnian,5,Bosn,,78,Slavic,"aAàǣ,ā,bB,cC,dD,eEēÉe̐,é,fF,gG,hH,iIīí,jJ,kK,lL,mM,nN,oOò,ō,ð,pP,qQ,rR,sS,tT,uUúū,vV,wW,xX,yY,zZ",2015-04-16 07:58:34,2015-04-16 09:22:31,loader,loader,
199,574,Slovenian,6,Slovene,,78,Slavic,"aAàǣ,ā,bB,cC,dD,eEēÉe̐,é,fF,gG,hH,iIīí,jJ,kK,lL,mM,nN,oOò,ō,ð,pP,qQ,rR,sS,tT,uUúū,vV,wW,xX,yY,zZ",2015-04-16 07:58:34,2015-04-16 09:22:31,loader,loader,
200,575,Old Church Slavonic,7,OCS,a.k.a. Old Bulgarian,78,Slavic,"aAàǣ,ā,bB,cC,dD,eEēÉe̐,é,fF,gG,hH,iIīí,jJ,kK,lL,mM,nN,oOò,ō,ð,pP,qQ,rR,sS,tT,uUúū,vV,wW,xX,yY,zZ",2015-04-16 07:58:34,2015-04-16 09:22:31,loader,loader,
201,576,Late Church Slavic,8,LCS,,78,Slavic,"aAàǣ,ā,bB,cC,dD,eEēÉe̐,é,fF,gG,hH,iIīí,jJ,kK,lL,mM,nN,oOò,ō,ð,pP,qQ,rR,sS,tT,uUúū,vV,wW,xX,yY,zZ",2015-04-16 07:58:34,2015-04-16 09:22:31,loader,loader,
202,577,Bulgarian,9,Bulg,,78,Slavic,"aAàǣ,ā,bB,cC,dD,eEēÉe̐,é,fF,gG,hH,iIīí,jJ,kK,lL,mM,nN,oOò,ō,ð,pP,qQ,rR,sS,tT,uUúū,vV,wW,xX,yY,zZ",2015-04-16 07:58:34,2015-04-16 09:22:31,loader,loader,
203,578,Macedonian Slavic,10,MacSl,,78,Slavic,"aAàǣ,ā,bB,cC,dD,eEēÉe̐,é,fF,gG,hH,iIīí,jJ,kK,lL,mM,nN,oOò,ō,ð,pP,qQ,rR,sS,tT,uUúū,vV,wW,xX,yY,zZ",2015-04-16 07:58:34,2015-04-16 09:22:31,loader,loader,
204,579,Old Russian,1,ORuss,,79,Slavic,"aAàǣ,ā,bB,cC,dD,eEēÉe̐,é,fF,gG,hH,iIīí,jJ,kK,lL,mM,nN,oOò,ō,ð,pP,qQ,rR,sS,tT,uUúū,vV,wW,xX,yY,zZ",2015-04-16 07:58:34,2015-04-16 09:22:31,loader,loader,
205,580,Russian Church Slavic,2,RCS,,79,Slavic,"aAàǣ,ā,bB,cC,dD,eEēÉe̐,é,fF,gG,hH,iIīí,jJ,kK,lL,mM,nN,oOò,ō,ð,pP,qQ,rR,sS,tT,uUúū,vV,wW,xX,yY,zZ",2015-04-16 07:58:34,2015-04-16 09:22:31,loader,loader,
206,581,Russian,3,Russ,,79,Slavic,"aAàǣ,ā,bB,cC,dD,eEēÉe̐,é,fF,gG,hH,iIīí,jJ,kK,lL,mM,nN,oOò,ō,ð,pP,qQ,rR,sS,tT,uUúū,vV,wW,xX,yY,zZ",2015-04-16 07:58:34,2015-04-16 09:22:31,loader,loader,
207,582,Ruthenian,4,Ruth,"a.k.a. West Russian, Chancery Slavonic",79,Slavic,"aAàǣ,ā,bB,cC,dD,eEēÉe̐,é,fF,gG,hH,iIīí,jJ,kK,lL,mM,nN,oOò,ō,ð,pP,qQ,rR,sS,tT,uUúū,vV,wW,xX,yY,zZ",2015-04-16 07:58:34,2015-04-16 09:22:31,loader,loader,
208,583,Belorussian,5,Belo,,79,Slavic,"aAàǣ,ā,bB,cC,dD,eEēÉe̐,é,fF,gG,hH,iIīí,jJ,kK,lL,mM,nN,oOò,ō,ð,pP,qQ,rR,sS,tT,uUúū,vV,wW,xX,yY,zZ",2015-04-16 07:58:34,2015-04-16 09:22:31,loader,loader,
209,584,Ukrainian,6,Ukr,,79,Slavic,"aAàǣ,ā,bB,cC,dD,eEēÉe̐,é,fF,gG,hH,iIīí,jJ,kK,lL,mM,nN,oOò,ō,ð,pP,qQ,rR,sS,tT,uUúū,vV,wW,xX,yY,zZ",2015-04-16 07:58:34,2015-04-16 09:22:31,loader,loader,
210,585,Albanian,1,Alb,,80,Albanian,"aAàǣ,ā,bB,cC,dD,eEēÉe̐,é,fF,gG,hH,iIīí,jJ,kK,lL,mM,nN,oOò,ō,ð,pP,qQ,rR,sS,tT,uUúū,vV,wW,xX,yY,zZ",2015-04-16 07:58:34,2015-04-16 09:22:31,loader,loader,
211,586,Gheg,2,Gheg,,80,Albanian,"aAàǣ,ā,bB,cC,dD,eEēÉe̐,é,fF,gG,hH,iIīí,jJ,kK,lL,mM,nN,oOò,ō,ð,pP,qQ,rR,sS,tT,uUúū,vV,wW,xX,yY,zZ",2015-04-16 07:58:34,2015-04-16 09:22:31,loader,loader,
212,587,Tosk,3,Tosk,,80,Albanian,"aAàǣ,ā,bB,cC,dD,eEēÉe̐,é,fF,gG,hH,iIīí,jJ,kK,lL,mM,nN,oOò,ō,ð,pP,qQ,rR,sS,tT,uUúū,vV,wW,xX,yY,zZ",2015-04-16 07:58:34,2015-04-16 09:22:31,loader,loader,
213,588,Arvanitika,4,Arv,,80,Albanian,"aAàǣ,ā,bB,cC,dD,eEēÉe̐,é,fF,gG,hH,iIīí,jJ,kK,lL,mM,nN,oOò,ō,ð,pP,qQ,rR,sS,tT,uUúū,vV,wW,xX,yY,zZ",2015-04-16 07:58:34,2015-04-16 09:22:31,loader,loader,
214,589,Arbëreshë,5,Arb,,80,Albanian,"aAàǣ,ā,bB,cC,dD,eEēÉe̐,é,fF,gG,hH,iIīí,jJ,kK,lL,mM,nN,oOò,ō,ð,pP,qQ,rR,sS,tT,uUúū,vV,wW,xX,yY,zZ",2015-04-16 07:58:34,2015-04-16 09:22:31,loader,loader,
215,590,Illyrian,1,Illyr,,81,,"aAàǣ,ā,bB,cC,dD,eEēÉe̐,é,fF,gG,hH,iIīí,jJ,kK,lL,mM,nN,oOò,ō,ð,pP,qQ,rR,sS,tT,uUúū,vV,wW,xX,yY,zZ",2015-04-16 07:58:34,2015-04-16 09:22:31,loader,loader,
216,591,Messapic,2,Mess,a.k.a. Messapian,81,,"aAàǣ,ā,bB,cC,dD,eEēÉe̐,é,fF,gG,hH,iIīí,jJ,kK,lL,mM,nN,oOò,ō,ð,pP,qQ,rR,sS,tT,uUúū,vV,wW,xX,yY,zZ",2015-04-16 07:58:34,2015-04-16 09:22:31,loader,loader,
217,592,Thracian,1,Thrac,,82,,"aAàǣ,ā,bB,cC,dD,eEēÉe̐,é,fF,gG,hH,iIīí,jJ,kK,lL,mM,nN,oOò,ō,ð,pP,qQ,rR,sS,tT,uUúū,vV,wW,xX,yY,zZ",2015-04-16 07:58:34,2015-04-16 09:22:31,loader,loader,
218,593,Dacian,2,Dac,,82,,"aAàǣ,ā,bB,cC,dD,eEēÉe̐,é,fF,gG,hH,iIīí,jJ,kK,lL,mM,nN,oOò,ō,ð,pP,qQ,rR,sS,tT,uUúū,vV,wW,xX,yY,zZ",2015-04-16 07:58:34,2015-04-16 09:22:31,loader,loader,
219,594,Phrygian,1,Phryg,,83,,"aAàǣ,ā,bB,cC,dD,eEēÉe̐,é,fF,gG,hH,iIīí,jJ,kK,lL,mM,nN,oOò,ō,ð,pP,qQ,rR,sS,tT,uUúū,vV,wW,xX,yY,zZ",2015-04-16 07:58:34,2015-04-16 09:22:31,loader,loader,
220,595,Mycenaean,1,Myc,,84,,"aAàǣ,ā,bB,cC,dD,eEēÉe̐,é,fF,gG,hH,iIīí,jJ,kK,lL,mM,nN,oOò,ō,ð,pP,qQ,rR,sS,tT,uUúū,vV,wW,xX,yY,zZ",2015-04-16 07:58:34,2015-04-16 09:22:31,loader,loader,
221,596,Arcadian,2,Arcad,a.k.a. Arcadocypriot,84,,"aAàǣ,ā,bB,cC,dD,eEēÉe̐,é,fF,gG,hH,iIīí,jJ,kK,lL,mM,nN,oOò,ō,ð,pP,qQ,rR,sS,tT,uUúū,vV,wW,xX,yY,zZ",2015-04-16 07:58:34,2015-04-16 09:22:31,loader,loader,
222,597,Cyprian,3,Cyp,a.k.a. Arcadocypriot,84,,"aAàǣ,ā,bB,cC,dD,eEēÉe̐,é,fF,gG,hH,iIīí,jJ,kK,lL,mM,nN,oOò,ō,ð,pP,qQ,rR,sS,tT,uUúū,vV,wW,xX,yY,zZ",2015-04-16 07:58:34,2015-04-16 09:22:31,loader,loader,
223,598,Macedonian Greek,4,MacGk,,84,,"aAàǣ,ā,bB,cC,dD,eEēÉe̐,é,fF,gG,hH,iIīí,jJ,kK,lL,mM,nN,oOò,ō,ð,pP,qQ,rR,sS,tT,uUúū,vV,wW,xX,yY,zZ",2015-04-16 07:58:34,2015-04-16 09:22:31,loader,loader,
224,599,Hesychius' Greek Lexicon,5,Hesy,,84,,"aAàǣ,ā,bB,cC,dD,eEēÉe̐,é,fF,gG,hH,iIīí,jJ,kK,lL,mM,nN,oOò,ō,ð,pP,qQ,rR,sS,tT,uUúū,vV,wW,xX,yY,zZ",2015-04-16 07:58:34,2015-04-16 09:22:31,loader,loader,
225,600,Achaean,1,Ach,,85,,"aAàǣ,ā,bB,cC,dD,eEēÉe̐,é,fF,gG,hH,iIīí,jJ,kK,lL,mM,nN,oOò,ō,ð,pP,qQ,rR,sS,tT,uUúū,vV,wW,xX,yY,zZ",2015-04-16 07:58:34,2015-04-16 09:22:31,loader,loader,
226,601,Doric,2,Dor,a.k.a. Dorian,85,,"aAàǣ,ā,bB,cC,dD,eEēÉe̐,é,fF,gG,hH,iIīí,jJ,kK,lL,mM,nN,oOò,ō,ð,pP,qQ,rR,sS,tT,uUúū,vV,wW,xX,yY,zZ",2015-04-16 07:58:34,2015-04-16 09:22:31,loader,loader,
227,602,Elean,3,Elean,,85,,"aAàǣ,ā,bB,cC,dD,eEēÉe̐,é,fF,gG,hH,iIīí,jJ,kK,lL,mM,nN,oOò,ō,ð,pP,qQ,rR,sS,tT,uUúū,vV,wW,xX,yY,zZ",2015-04-16 07:58:34,2015-04-16 09:22:31,loader,loader,
228,603,Laconian,4,Lac,a.k.a. Spartan,85,,"aAàǣ,ā,bB,cC,dD,eEēÉe̐,é,fF,gG,hH,iIīí,jJ,kK,lL,mM,nN,oOò,ō,ð,pP,qQ,rR,sS,tT,uUúū,vV,wW,xX,yY,zZ",2015-04-16 07:58:34,2015-04-16 09:22:31,loader,loader,
229,604,Aeolic,1,Aeol,a.k.a. Aeolian,86,,"aAàǣ,ā,bB,cC,dD,eEēÉe̐,é,fF,gG,hH,iIīí,jJ,kK,lL,mM,nN,oOò,ō,ð,pP,qQ,rR,sS,tT,uUúū,vV,wW,xX,yY,zZ",2015-04-16 07:58:34,2015-04-16 09:22:31,loader,loader,
230,605,Boeotian,2,Boeot,,86,,"aAàǣ,ā,bB,cC,dD,eEēÉe̐,é,fF,gG,hH,iIīí,jJ,kK,lL,mM,nN,oOò,ō,ð,pP,qQ,rR,sS,tT,uUúū,vV,wW,xX,yY,zZ",2015-04-16 07:58:34,2015-04-16 09:22:31,loader,loader,
231,606,Lesbian,3,Lesb,,86,,"aAàǣ,ā,bB,cC,dD,eEēÉe̐,é,fF,gG,hH,iIīí,jJ,kK,lL,mM,nN,oOò,ō,ð,pP,qQ,rR,sS,tT,uUúū,vV,wW,xX,yY,zZ",2015-04-16 07:58:34,2015-04-16 09:22:31,loader,loader,
232,607,Thessalian,4,Thess,,86,,"aAàǣ,ā,bB,cC,dD,eEēÉe̐,é,fF,gG,hH,iIīí,jJ,kK,lL,mM,nN,oOò,ō,ð,pP,qQ,rR,sS,tT,uUúū,vV,wW,xX,yY,zZ",2015-04-16 07:58:34,2015-04-16 09:22:31,loader,loader,
233,608,Ionic,1,Ion,a.k.a. Ionian,87,,"aAàǣ,ā,bB,cC,dD,eEēÉe̐,é,fF,gG,hH,iIīí,jJ,kK,lL,mM,nN,oOò,ō,ð,pP,qQ,rR,sS,tT,uUúū,vV,wW,xX,yY,zZ",2015-04-16 07:58:34,2015-04-16 09:22:31,loader,loader,
234,609,Homeric Greek,2,Hom,a.k.a. Epic Greek,87,,"aAàǣ,ā,bB,cC,dD,eEēÉe̐,é,fF,gG,hH,iIīí,jJ,kK,lL,mM,nN,oOò,ō,ð,pP,qQ,rR,sS,tT,uUúū,vV,wW,xX,yY,zZ",2015-04-16 07:58:34,2015-04-16 09:22:31,loader,loader,
235,610,Pamphylian,3,Pamph,,87,,"aAàǣ,ā,bB,cC,dD,eEēÉe̐,é,fF,gG,hH,iIīí,jJ,kK,lL,mM,nN,oOò,ō,ð,pP,qQ,rR,sS,tT,uUúū,vV,wW,xX,yY,zZ",2015-04-16 07:58:34,2015-04-16 09:22:31,loader,loader,
236,611,Attic,4,Att,,87,,"aAàǣ,ā,bB,cC,dD,eEēÉe̐,é,fF,gG,hH,iIīí,jJ,kK,lL,mM,nN,oOò,ō,ð,pP,qQ,rR,sS,tT,uUúū,vV,wW,xX,yY,zZ",2015-04-16 07:58:34,2015-04-16 09:22:31,loader,loader,
237,612,Greek,5,Gk,a.k.a. Classical Greek,87,,"aAàǣ,ā,bB,cC,dD,eEēÉe̐,é,fF,gG,hH,iIīí,jJ,kK,lL,mM,nN,oOò,ō,ð,pP,qQ,rR,sS,tT,uUúū,vV,wW,xX,yY,zZ",2015-04-16 07:58:34,2015-04-16 09:22:31,loader,loader,
238,613,Late Greek,6,LGk,a.k.a. Koine,87,,"aAàǣ,ā,bB,cC,dD,eEēÉe̐,é,fF,gG,hH,iIīí,jJ,kK,lL,mM,nN,oOò,ō,ð,pP,qQ,rR,sS,tT,uUúū,vV,wW,xX,yY,zZ",2015-04-16 07:58:34,2015-04-16 09:22:31,loader,loader,
239,614,Medieval Greek,7,MGk,a.k.a. Byzantine Greek,87,,"aAàǣ,ā,bB,cC,dD,eEēÉe̐,é,fF,gG,hH,iIīí,jJ,kK,lL,mM,nN,oOò,ō,ð,pP,qQ,rR,sS,tT,uUúū,vV,wW,xX,yY,zZ",2015-04-16 07:58:34,2015-04-16 09:22:31,loader,loader,
240,615,New Greek,1,NGk,a.k.a. Modern Greek,88,,"aAàǣ,ā,bB,cC,dD,eEēÉe̐,é,fF,gG,hH,iIīí,jJ,kK,lL,mM,nN,oOò,ō,ð,pP,qQ,rR,sS,tT,uUúū,vV,wW,xX,yY,zZ",2015-04-16 07:58:34,2015-04-16 09:22:31,loader,loader,
241,616,Cappadocian,2,Cap,,88,,"aAàǣ,ā,bB,cC,dD,eEēÉe̐,é,fF,gG,hH,iIīí,jJ,kK,lL,mM,nN,oOò,ō,ð,pP,qQ,rR,sS,tT,uUúū,vV,wW,xX,yY,zZ",2015-04-16 07:58:34,2015-04-16 09:22:31,loader,loader,
242,617,Pontic,3,Pont,,88,,"aAàǣ,ā,bB,cC,dD,eEēÉe̐,é,fF,gG,hH,iIīí,jJ,kK,lL,mM,nN,oOò,ō,ð,pP,qQ,rR,sS,tT,uUúū,vV,wW,xX,yY,zZ",2015-04-16 07:58:34,2015-04-16 09:22:31,loader,loader,
243,618,Tsakonian,4,Tsak,,88,,"aAàǣ,ā,bB,cC,dD,eEēÉe̐,é,fF,gG,hH,iIīí,jJ,kK,lL,mM,nN,oOò,ō,ð,pP,qQ,rR,sS,tT,uUúū,vV,wW,xX,yY,zZ",2015-04-16 07:58:34,2015-04-16 09:22:31,loader,loader,
244,619,Luwian,1,Luw,,89,,"aAàǣ,ā,bB,cC,dD,eEēÉe̐,é,fF,gG,hH,iIīí,jJ,kK,lL,mM,nN,oOò,ō,ð,pP,qQ,rR,sS,tT,uUúū,vV,wW,xX,yY,zZ",2015-04-16 07:58:34,2015-04-16 09:22:31,loader,loader,
245,620,Cuneiform Luwian,2,CLuw,,89,,"aAàǣ,ā,bB,cC,dD,eEēÉe̐,é,fF,gG,hH,iIīí,jJ,kK,lL,mM,nN,oOò,ō,ð,pP,qQ,rR,sS,tT,uUúū,vV,wW,xX,yY,zZ",2015-04-16 07:58:34,2015-04-16 09:22:31,loader,loader,
246,621,Hieroglyphic Luwian,3,HLuw,,89,,"aAàǣ,ā,bB,cC,dD,eEēÉe̐,é,fF,gG,hH,iIīí,jJ,kK,lL,mM,nN,oOò,ō,ð,pP,qQ,rR,sS,tT,uUúū,vV,wW,xX,yY,zZ",2015-04-16 07:58:34,2015-04-16 09:22:31,loader,loader,
247,622,Lycian,4,Lyc,a.k.a. Lycian A,89,,"aAàǣ,ā,bB,cC,dD,eEēÉe̐,é,fF,gG,hH,iIīí,jJ,kK,lL,mM,nN,oOò,ō,ð,pP,qQ,rR,sS,tT,uUúū,vV,wW,xX,yY,zZ",2015-04-16 07:58:34,2015-04-16 09:22:31,loader,loader,
248,623,Milyan,5,Mil,a.k.a. Lycian B,89,,"aAàǣ,ā,bB,cC,dD,eEēÉe̐,é,fF,gG,hH,iIīí,jJ,kK,lL,mM,nN,oOò,ō,ð,pP,qQ,rR,sS,tT,uUúū,vV,wW,xX,yY,zZ",2015-04-16 07:58:34,2015-04-16 09:22:31,loader,loader,
249,624,Carian,6,Car,,89,,"aAàǣ,ā,bB,cC,dD,eEēÉe̐,é,fF,gG,hH,iIīí,jJ,kK,lL,mM,nN,oOò,ō,ð,pP,qQ,rR,sS,tT,uUúū,vV,wW,xX,yY,zZ",2015-04-16 07:58:34,2015-04-16 09:22:31,loader,loader,
250,625,Sidetic,7,Side,,89,,"aAàǣ,ā,bB,cC,dD,eEēÉe̐,é,fF,gG,hH,iIīí,jJ,kK,lL,mM,nN,oOò,ō,ð,pP,qQ,rR,sS,tT,uUúū,vV,wW,xX,yY,zZ",2015-04-16 07:58:34,2015-04-16 09:22:31,loader,loader,
251,626,Pisidic,8,Pisid,a.k.a. Pisidian,89,,"aAàǣ,ā,bB,cC,dD,eEēÉe̐,é,fF,gG,hH,iIīí,jJ,kK,lL,mM,nN,oOò,ō,ð,pP,qQ,rR,sS,tT,uUúū,vV,wW,xX,yY,zZ",2015-04-16 07:58:34,2015-04-16 09:22:31,loader,loader,
252,627,Hittite,1,Hitt,,90,,"aAàǣ,ā,bB,cC,dD,eEēÉe̐,é,fF,gG,hH,iIīí,jJ,kK,lL,mM,nN,oOò,ō,ð,pP,qQ,rR,sS,tT,uUúū,vV,wW,xX,yY,zZ",2015-04-16 07:58:34,2015-04-16 09:22:31,loader,loader,
253,628,Old Hittite,2,OHitt,,90,,"aAàǣ,ā,bB,cC,dD,eEēÉe̐,é,fF,gG,hH,iIīí,jJ,kK,lL,mM,nN,oOò,ō,ð,pP,qQ,rR,sS,tT,uUúū,vV,wW,xX,yY,zZ",2015-04-16 07:58:34,2015-04-16 09:22:31,loader,loader,
254,629,Middle Hittite,3,MHitt,,90,,"aAàǣ,ā,bB,cC,dD,eEēÉe̐,é,fF,gG,hH,iIīí,jJ,kK,lL,mM,nN,oOò,ō,ð,pP,qQ,rR,sS,tT,uUúū,vV,wW,xX,yY,zZ",2015-04-16 07:58:34,2015-04-16 09:22:31,loader,loader,
255,630,Neo-Hittite,4,NHitt,,90,,"aAàǣ,ā,bB,cC,dD,eEēÉe̐,é,fF,gG,hH,iIīí,jJ,kK,lL,mM,nN,oOò,ō,ð,pP,qQ,rR,sS,tT,uUúū,vV,wW,xX,yY,zZ",2015-04-16 07:58:34,2015-04-16 09:22:31,loader,loader,
256,631,Palaic,5,Pala,,90,,"aAàǣ,ā,bB,cC,dD,eEēÉe̐,é,fF,gG,hH,iIīí,jJ,kK,lL,mM,nN,oOò,ō,ð,pP,qQ,rR,sS,tT,uUúū,vV,wW,xX,yY,zZ",2015-04-16 07:58:34,2015-04-16 09:22:31,loader,loader,
257,632,Lydian,6,Lyd,,90,,"aAàǣ,ā,bB,cC,dD,eEēÉe̐,é,fF,gG,hH,iIīí,jJ,kK,lL,mM,nN,oOò,ō,ð,pP,qQ,rR,sS,tT,uUúū,vV,wW,xX,yY,zZ",2015-04-16 07:58:34,2015-04-16 09:22:31,loader,loader,
258,633,Classical Armenian,1,OArm,a.k.a. Grabar,91,,"aAàǣ,ā,bB,cC,dD,eEēÉe̐,é,fF,gG,hH,iIīí,jJ,kK,lL,mM,nN,oOò,ō,ð,pP,qQ,rR,sS,tT,uUúū,vV,wW,xX,yY,zZ",2015-04-16 07:58:34,2015-04-16 09:22:32,loader,loader,
259,634,Middle Armenian,1,MArm,,92,,"aAàǣ,ā,bB,cC,dD,eEēÉe̐,é,fF,gG,hH,iIīí,jJ,kK,lL,mM,nN,oOò,ō,ð,pP,qQ,rR,sS,tT,uUúū,vV,wW,xX,yY,zZ",2015-04-16 07:58:34,2015-04-16 09:22:32,loader,loader,
260,635,Armenian,1,Arm,,93,,"aAàǣ,ā,bB,cC,dD,eEēÉe̐,é,fF,gG,hH,iIīí,jJ,kK,lL,mM,nN,oOò,ō,ð,pP,qQ,rR,sS,tT,uUúū,vV,wW,xX,yY,zZ",2015-04-16 07:58:34,2015-04-16 09:22:32,loader,loader,
261,636,Old Iranian,1,OIran,,94,Iranian,"aAàǣ,ā,bB,cC,dD,eEēÉe̐,é,fF,gG,hH,iIīí,jJ,kK,lL,mM,nN,oOò,ō,ð,pP,qQ,rR,sS,tT,uUúū,vV,wW,xX,yY,zZ",2015-04-16 07:58:34,2015-04-16 09:22:32,loader,loader,
262,637,Middle Iranian,2,MIran,,94,Iranian,"aAàǣ,ā,bB,cC,dD,eEēÉe̐,é,fF,gG,hH,iIīí,jJ,kK,lL,mM,nN,oOò,ō,ð,pP,qQ,rR,sS,tT,uUúū,vV,wW,xX,yY,zZ",2015-04-16 07:58:34,2015-04-16 09:22:32,loader,loader,
263,638,Yassic,3,Yas,,94,Iranian,"aAàǣ,ā,bB,cC,dD,eEēÉe̐,é,fF,gG,hH,iIīí,jJ,kK,lL,mM,nN,oOò,ō,ð,pP,qQ,rR,sS,tT,uUúū,vV,wW,xX,yY,zZ",2015-04-16 07:58:34,2015-04-16 09:22:32,loader,loader,
264,639,Iranian,4,Iran,,94,Iranian,"aAàǣ,ā,bB,cC,dD,eEēÉe̐,é,fF,gG,hH,iIīí,jJ,kK,lL,mM,nN,oOò,ō,ð,pP,qQ,rR,sS,tT,uUúū,vV,wW,xX,yY,zZ",2015-04-16 07:58:34,2015-04-16 09:22:32,loader,loader,
265,640,Old Persian,1,OPers,,95,Iranian,"aAàǣ,ā,bB,cC,dD,eEēÉe̐,é,fF,gG,hH,iIīí,jJ,kK,lL,mM,nN,oOò,ō,ð,pP,qQ,rR,sS,tT,uUúū,vV,wW,xX,yY,zZ",2015-04-16 07:58:34,2015-04-16 09:22:32,loader,loader,
266,641,Median,2,Med,,95,Iranian,"aAàǣ,ā,bB,cC,dD,eEēÉe̐,é,fF,gG,hH,iIīí,jJ,kK,lL,mM,nN,oOò,ō,ð,pP,qQ,rR,sS,tT,uUúū,vV,wW,xX,yY,zZ",2015-04-16 07:58:34,2015-04-16 09:22:32,loader,loader,
267,642,Pahlavi,3,Pahl,"a.k.a. Pehlevi, Middle Persian",95,Iranian,"aAàǣ,ā,bB,cC,dD,eEēÉe̐,é,fF,gG,hH,iIīí,jJ,kK,lL,mM,nN,oOò,ō,ð,pP,qQ,rR,sS,tT,uUúū,vV,wW,xX,yY,zZ",2015-04-16 07:58:34,2015-04-16 09:22:32,loader,loader,
268,643,Middle Persian,4,MPers,,95,Iranian,"aAàǣ,ā,bB,cC,dD,eEēÉe̐,é,fF,gG,hH,iIīí,jJ,kK,lL,mM,nN,oOò,ō,ð,pP,qQ,rR,sS,tT,uUúū,vV,wW,xX,yY,zZ",2015-04-16 07:58:34,2015-04-16 09:22:32,loader,loader,
269,644,Manichaean,5,Mani,,95,Iranian,"aAàǣ,ā,bB,cC,dD,eEēÉe̐,é,fF,gG,hH,iIīí,jJ,kK,lL,mM,nN,oOò,ō,ð,pP,qQ,rR,sS,tT,uUúū,vV,wW,xX,yY,zZ",2015-04-16 07:58:34,2015-04-16 09:22:32,loader,loader,
270,645,Parthian,6,Parth,,95,Iranian,"aAàǣ,ā,bB,cC,dD,eEēÉe̐,é,fF,gG,hH,iIīí,jJ,kK,lL,mM,nN,oOò,ō,ð,pP,qQ,rR,sS,tT,uUúū,vV,wW,xX,yY,zZ",2015-04-16 07:58:34,2015-04-16 09:22:32,loader,loader,
271,646,New Persian,7,NPers,a.k.a. Persian,95,Iranian,"aAàǣ,ā,bB,cC,dD,eEēÉe̐,é,fF,gG,hH,iIīí,jJ,kK,lL,mM,nN,oOò,ō,ð,pP,qQ,rR,sS,tT,uUúū,vV,wW,xX,yY,zZ",2015-04-16 07:58:34,2015-04-16 09:22:32,loader,loader,
272,647,Persian,8,Pers,"a.k.a. Farsi, Parsi",95,Iranian,"aAàǣ,ā,bB,cC,dD,eEēÉe̐,é,fF,gG,hH,iIīí,jJ,kK,lL,mM,nN,oOò,ō,ð,pP,qQ,rR,sS,tT,uUúū,vV,wW,xX,yY,zZ",2015-04-16 07:58:34,2015-04-16 09:22:32,loader,loader,
273,648,Farsi,9,Farsi,,95,Iranian,"aAàǣ,ā,bB,cC,dD,eEēÉe̐,é,fF,gG,hH,iIīí,jJ,kK,lL,mM,nN,oOò,ō,ð,pP,qQ,rR,sS,tT,uUúū,vV,wW,xX,yY,zZ",2015-04-16 07:58:34,2015-04-16 09:22:32,loader,loader,
274,649,Baluchi,10,Balu,,95,Iranian,"aAàǣ,ā,bB,cC,dD,eEēÉe̐,é,fF,gG,hH,iIīí,jJ,kK,lL,mM,nN,oOò,ō,ð,pP,qQ,rR,sS,tT,uUúū,vV,wW,xX,yY,zZ",2015-04-16 07:58:34,2015-04-16 09:22:32,loader,loader,
275,650,Kurdish,11,Kurd,,95,Iranian,"aAàǣ,ā,bB,cC,dD,eEēÉe̐,é,fF,gG,hH,iIīí,jJ,kK,lL,mM,nN,oOò,ō,ð,pP,qQ,rR,sS,tT,uUúū,vV,wW,xX,yY,zZ",2015-04-16 07:58:35,2015-04-16 09:22:32,loader,loader,
276,651,Parachi,12,Par,,95,Iranian,"aAàǣ,ā,bB,cC,dD,eEēÉe̐,é,fF,gG,hH,iIīí,jJ,kK,lL,mM,nN,oOò,ō,ð,pP,qQ,rR,sS,tT,uUúū,vV,wW,xX,yY,zZ",2015-04-16 07:58:35,2015-04-16 09:22:32,loader,loader,
277,652,Dari,13,Dari,,95,Iranian,"aAàǣ,ā,bB,cC,dD,eEēÉe̐,é,fF,gG,hH,iIīí,jJ,kK,lL,mM,nN,oOò,ō,ð,pP,qQ,rR,sS,tT,uUúū,vV,wW,xX,yY,zZ",2015-04-16 07:58:35,2015-04-16 09:22:32,loader,loader,
278,653,Tajik,14,Taj,,95,Iranian,"aAàǣ,ā,bB,cC,dD,eEēÉe̐,é,fF,gG,hH,iIīí,jJ,kK,lL,mM,nN,oOò,ō,ð,pP,qQ,rR,sS,tT,uUúū,vV,wW,xX,yY,zZ",2015-04-16 07:58:35,2015-04-16 09:22:32,loader,loader,
279,654,Old Avestan,1,OAv,,96,Iranian,"aAàǣ,ā,bB,cC,dD,eEēÉe̐,é,fF,gG,hH,iIīí,jJ,kK,lL,mM,nN,oOò,ō,ð,pP,qQ,rR,sS,tT,uUúū,vV,wW,xX,yY,zZ",2015-04-16 07:58:35,2015-04-16 09:22:32,loader,loader,
280,655,Avestan,2,Av,,96,Iranian,"aAàǣ,ā,bB,cC,dD,eEēÉe̐,é,fF,gG,hH,iIīí,jJ,kK,lL,mM,nN,oOò,ō,ð,pP,qQ,rR,sS,tT,uUúū,vV,wW,xX,yY,zZ",2015-04-16 07:58:35,2015-04-16 09:22:32,loader,loader,
281,656,Young Avestan,3,YAv,,96,Iranian,"aAàǣ,ā,bB,cC,dD,eEēÉe̐,é,fF,gG,hH,iIīí,jJ,kK,lL,mM,nN,oOò,ō,ð,pP,qQ,rR,sS,tT,uUúū,vV,wW,xX,yY,zZ",2015-04-16 07:58:35,2015-04-16 09:22:32,loader,loader,
282,657,Old Scythian,4,OScyth,,96,Iranian,"aAàǣ,ā,bB,cC,dD,eEēÉe̐,é,fF,gG,hH,iIīí,jJ,kK,lL,mM,nN,oOò,ō,ð,pP,qQ,rR,sS,tT,uUúū,vV,wW,xX,yY,zZ",2015-04-16 07:58:35,2015-04-16 09:22:32,loader,loader,
283,658,Scythian,5,Scyth,,96,Iranian,"aAàǣ,ā,bB,cC,dD,eEēÉe̐,é,fF,gG,hH,iIīí,jJ,kK,lL,mM,nN,oOò,ō,ð,pP,qQ,rR,sS,tT,uUúū,vV,wW,xX,yY,zZ",2015-04-16 07:58:35,2015-04-16 09:22:32,loader,loader,
284,659,Sogdian,6,Sogd,,96,Iranian,"aAàǣ,ā,bB,cC,dD,eEēÉe̐,é,fF,gG,hH,iIīí,jJ,kK,lL,mM,nN,oOò,ō,ð,pP,qQ,rR,sS,tT,uUúū,vV,wW,xX,yY,zZ",2015-04-16 07:58:35,2015-04-16 09:22:32,loader,loader,
285,660,Bactrian,7,Bact,,96,Iranian,"aAàǣ,ā,bB,cC,dD,eEēÉe̐,é,fF,gG,hH,iIīí,jJ,kK,lL,mM,nN,oOò,ō,ð,pP,qQ,rR,sS,tT,uUúū,vV,wW,xX,yY,zZ",2015-04-16 07:58:35,2015-04-16 09:22:32,loader,loader,
286,661,Chorasmian,8,Chor,,96,Iranian,"aAàǣ,ā,bB,cC,dD,eEēÉe̐,é,fF,gG,hH,iIīí,jJ,kK,lL,mM,nN,oOò,ō,ð,pP,qQ,rR,sS,tT,uUúū,vV,wW,xX,yY,zZ",2015-04-16 07:58:35,2015-04-16 09:22:32,loader,loader,
287,662,Alanic,9,Alan,,96,Iranian,"aAàǣ,ā,bB,cC,dD,eEēÉe̐,é,fF,gG,hH,iIīí,jJ,kK,lL,mM,nN,oOò,ō,ð,pP,qQ,rR,sS,tT,uUúū,vV,wW,xX,yY,zZ",2015-04-16 07:58:35,2015-04-16 09:22:32,loader,loader,
288,663,Old Ossetic,10,OOss,,96,Iranian,"aAàǣ,ā,bB,cC,dD,eEēÉe̐,é,fF,gG,hH,iIīí,jJ,kK,lL,mM,nN,oOò,ō,ð,pP,qQ,rR,sS,tT,uUúū,vV,wW,xX,yY,zZ",2015-04-16 07:58:35,2015-04-16 09:22:32,loader,loader,
289,664,Khotanese,11,Khot,,96,Iranian,"aAàǣ,ā,bB,cC,dD,eEēÉe̐,é,fF,gG,hH,iIīí,jJ,kK,lL,mM,nN,oOò,ō,ð,pP,qQ,rR,sS,tT,uUúū,vV,wW,xX,yY,zZ",2015-04-16 07:58:35,2015-04-16 09:22:32,loader,loader,
290,665,Sacian,12,Sac,a.k.a. Sakan,96,Iranian,"aAàǣ,ā,bB,cC,dD,eEēÉe̐,é,fF,gG,hH,iIīí,jJ,kK,lL,mM,nN,oOò,ō,ð,pP,qQ,rR,sS,tT,uUúū,vV,wW,xX,yY,zZ",2015-04-16 07:58:35,2015-04-16 09:22:32,loader,loader,
291,666,Sakan,13,Saka,a.k.a. Sacian,96,Iranian,"aAàǣ,ā,bB,cC,dD,eEēÉe̐,é,fF,gG,hH,iIīí,jJ,kK,lL,mM,nN,oOò,ō,ð,pP,qQ,rR,sS,tT,uUúū,vV,wW,xX,yY,zZ",2015-04-16 07:58:35,2015-04-16 09:22:32,loader,loader,
292,667,Tumshuqese,14,Tums,,96,Iranian,"aAàǣ,ā,bB,cC,dD,eEēÉe̐,é,fF,gG,hH,iIīí,jJ,kK,lL,mM,nN,oOò,ō,ð,pP,qQ,rR,sS,tT,uUúū,vV,wW,xX,yY,zZ",2015-04-16 07:58:35,2015-04-16 09:22:32,loader,loader,
293,668,Ossetic,15,Oss,"a.k.a. Osetin, Ossetian",96,Iranian,"aAàǣ,ā,bB,cC,dD,eEēÉe̐,é,fF,gG,hH,iIīí,jJ,kK,lL,mM,nN,oOò,ō,ð,pP,qQ,rR,sS,tT,uUúū,vV,wW,xX,yY,zZ",2015-04-16 07:58:35,2015-04-16 09:22:32,loader,loader,
294,669,Pushto,16,Push,a.k.a. Pashto,96,,"aAàǣ,ā,bB,cC,dD,eEēÉe̐,é,fF,gG,hH,iIīí,jJ,kK,lL,mM,nN,oOò,ō,ð,pP,qQ,rR,sS,tT,uUúū,vV,wW,xX,yY,zZ",2015-04-16 07:58:35,2015-04-16 09:22:32,loader,loader,
295,670,Yagnobi,17,Yagn,a.k.a. Yaghnobi,96,Iranian,"aAàǣ,ā,bB,cC,dD,eEēÉe̐,é,fF,gG,hH,iIīí,jJ,kK,lL,mM,nN,oOò,ō,ð,pP,qQ,rR,sS,tT,uUúū,vV,wW,xX,yY,zZ",2015-04-16 07:58:35,2015-04-16 09:22:32,loader,loader,
296,671,Pamir,18,Pamir,,96,Iranian,"aAàǣ,ā,bB,cC,dD,eEēÉe̐,é,fF,gG,hH,iIīí,jJ,kK,lL,mM,nN,oOò,ō,ð,pP,qQ,rR,sS,tT,uUúū,vV,wW,xX,yY,zZ",2015-04-16 07:58:35,2015-04-16 09:22:32,loader,loader,
297,672,Shughni,19,Shug,"a.k.a. Shugnan, Shugni",96,Iranian,"aAàǣ,ā,bB,cC,dD,eEēÉe̐,é,fF,gG,hH,iIīí,jJ,kK,lL,mM,nN,oOò,ō,ð,pP,qQ,rR,sS,tT,uUúū,vV,wW,xX,yY,zZ",2015-04-16 07:58:35,2015-04-16 09:22:32,loader,loader,
298,673,Sarikoli,20,Sari,"a.k.a. Sarykoly, Salikur",96,Iranian,"aAàǣ,ā,bB,cC,dD,eEēÉe̐,é,fF,gG,hH,iIīí,jJ,kK,lL,mM,nN,oOò,ō,ð,pP,qQ,rR,sS,tT,uUúū,vV,wW,xX,yY,zZ",2015-04-16 07:58:35,2015-04-16 09:22:32,loader,loader,
299,674,Yazgulyam,21,Yazg,,96,Iranian,"aAàǣ,ā,bB,cC,dD,eEēÉe̐,é,fF,gG,hH,iIīí,jJ,kK,lL,mM,nN,oOò,ō,ð,pP,qQ,rR,sS,tT,uUúū,vV,wW,xX,yY,zZ",2015-04-16 07:58:35,2015-04-16 09:22:32,loader,loader,
300,675,Munji,22,Munj,a.k.a. Munjani,96,Iranian,"aAàǣ,ā,bB,cC,dD,eEēÉe̐,é,fF,gG,hH,iIīí,jJ,kK,lL,mM,nN,oOò,ō,ð,pP,qQ,rR,sS,tT,uUúū,vV,wW,xX,yY,zZ",2015-04-16 07:58:35,2015-04-16 09:22:32,loader,loader,
301,676,Ishkashimi,23,Ishk,,96,Iranian,"aAàǣ,ā,bB,cC,dD,eEēÉe̐,é,fF,gG,hH,iIīí,jJ,kK,lL,mM,nN,oOò,ō,ð,pP,qQ,rR,sS,tT,uUúū,vV,wW,xX,yY,zZ",2015-04-16 07:58:35,2015-04-16 09:22:32,loader,loader,
302,677,Sanglechi,24,Sang,,96,Iranian,"aAàǣ,ā,bB,cC,dD,eEēÉe̐,é,fF,gG,hH,iIīí,jJ,kK,lL,mM,nN,oOò,ō,ð,pP,qQ,rR,sS,tT,uUúū,vV,wW,xX,yY,zZ",2015-04-16 07:58:35,2015-04-16 09:22:32,loader,loader,
303,678,Wakhi,25,Wakh,a.k.a. Wakhani,96,Iranian,"aAàǣ,ā,bB,cC,dD,eEēÉe̐,é,fF,gG,hH,iIīí,jJ,kK,lL,mM,nN,oOò,ō,ð,pP,qQ,rR,sS,tT,uUúū,vV,wW,xX,yY,zZ",2015-04-16 07:58:35,2015-04-16 09:22:32,loader,loader,
304,679,Yidgha,26,Yidg,a.k.a. Yidga,96,Iranian,"aAàǣ,ā,bB,cC,dD,eEēÉe̐,é,fF,gG,hH,iIīí,jJ,kK,lL,mM,nN,oOò,ō,ð,pP,qQ,rR,sS,tT,uUúū,vV,wW,xX,yY,zZ",2015-04-16 07:58:35,2015-04-16 09:22:32,loader,loader,
305,680,Waneci,27,Wane,"a.k.a. Wanechi, Vanechi",96,Iranian,"aAàǣ,ā,bB,cC,dD,eEēÉe̐,é,fF,gG,hH,iIīí,jJ,kK,lL,mM,nN,oOò,ō,ð,pP,qQ,rR,sS,tT,uUúū,vV,wW,xX,yY,zZ",2015-04-16 07:58:35,2015-04-16 09:22:32,loader,loader,
306,681,Prasuni,1,Pras,a.k.a. Vasi-vari,97,Iranian,"aAàǣ,ā,bB,cC,dD,eEēÉe̐,é,fF,gG,hH,iIīí,jJ,kK,lL,mM,nN,oOò,ō,ð,pP,qQ,rR,sS,tT,uUúū,vV,wW,xX,yY,zZ",2015-04-16 07:58:35,2015-04-16 09:22:32,loader,loader,
307,682,Bashgali,2,Bash,"a.k.a. Kati, Kamkata-viri",97,Iranian,"aAàǣ,ā,bB,cC,dD,eEēÉe̐,é,fF,gG,hH,iIīí,jJ,kK,lL,mM,nN,oOò,ō,ð,pP,qQ,rR,sS,tT,uUúū,vV,wW,xX,yY,zZ",2015-04-16 07:58:35,2015-04-16 09:22:32,loader,loader,
308,683,Ashkunu,3,Ashk,,97,Iranian,"aAàǣ,ā,bB,cC,dD,eEēÉe̐,é,fF,gG,hH,iIīí,jJ,kK,lL,mM,nN,oOò,ō,ð,pP,qQ,rR,sS,tT,uUúū,vV,wW,xX,yY,zZ",2015-04-16 07:58:35,2015-04-16 09:22:32,loader,loader,
309,684,Tregami,4,Treg,a.k.a. Gambiri,97,Iranian,"aAàǣ,ā,bB,cC,dD,eEēÉe̐,é,fF,gG,hH,iIīí,jJ,kK,lL,mM,nN,oOò,ō,ð,pP,qQ,rR,sS,tT,uUúū,vV,wW,xX,yY,zZ",2015-04-16 07:58:35,2015-04-16 09:22:32,loader,loader,
310,685,Waigali,5,Waig,a.k.a. Kalasha-ala,97,Iranian,"aAàǣ,ā,bB,cC,dD,eEēÉe̐,é,fF,gG,hH,iIīí,jJ,kK,lL,mM,nN,oOò,ō,ð,pP,qQ,rR,sS,tT,uUúū,vV,wW,xX,yY,zZ",2015-04-16 07:58:35,2015-04-16 09:22:32,loader,loader,
311,686,Khowar,1,Khow,,98,Iranian,"aAàǣ,ā,bB,cC,dD,eEēÉe̐,é,fF,gG,hH,iIīí,jJ,kK,lL,mM,nN,oOò,ō,ð,pP,qQ,rR,sS,tT,uUúū,vV,wW,xX,yY,zZ",2015-04-16 07:58:35,2015-04-16 09:22:32,loader,loader,
312,687,Kalasha,2,Kals,a.k.a. Kalasha-mun,98,Iranian,"aAàǣ,ā,bB,cC,dD,eEēÉe̐,é,fF,gG,hH,iIīí,jJ,kK,lL,mM,nN,oOò,ō,ð,pP,qQ,rR,sS,tT,uUúū,vV,wW,xX,yY,zZ",2015-04-16 07:58:35,2015-04-16 09:22:32,loader,loader,
313,688,Kashmiri,3,Kash,,98,Iranian,"aAàǣ,ā,bB,cC,dD,eEēÉe̐,é,fF,gG,hH,iIīí,jJ,kK,lL,mM,nN,oOò,ō,ð,pP,qQ,rR,sS,tT,uUúū,vV,wW,xX,yY,zZ",2015-04-16 07:58:35,2015-04-16 09:22:32,loader,loader,
314,689,Kishtwari,4,Kish,,98,Iranian,"aAàǣ,ā,bB,cC,dD,eEēÉe̐,é,fF,gG,hH,iIīí,jJ,kK,lL,mM,nN,oOò,ō,ð,pP,qQ,rR,sS,tT,uUúū,vV,wW,xX,yY,zZ",2015-04-16 07:58:35,2015-04-16 09:22:32,loader,loader,
315,690,Poguli,5,Pogu,,98,Iranian,"aAàǣ,ā,bB,cC,dD,eEēÉe̐,é,fF,gG,hH,iIīí,jJ,kK,lL,mM,nN,oOò,ō,ð,pP,qQ,rR,sS,tT,uUúū,vV,wW,xX,yY,zZ",2015-04-16 07:58:35,2015-04-16 09:22:32,loader,loader,
316,691,Bateri,6,Bat,,98,Iranian,"aAàǣ,ā,bB,cC,dD,eEēÉe̐,é,fF,gG,hH,iIīí,jJ,kK,lL,mM,nN,oOò,ō,ð,pP,qQ,rR,sS,tT,uUúū,vV,wW,xX,yY,zZ",2015-04-16 07:58:35,2015-04-16 09:22:32,loader,loader,
317,692,Chilisso,7,Chil,,98,Iranian,"aAàǣ,ā,bB,cC,dD,eEēÉe̐,é,fF,gG,hH,iIīí,jJ,kK,lL,mM,nN,oOò,ō,ð,pP,qQ,rR,sS,tT,uUúū,vV,wW,xX,yY,zZ",2015-04-16 07:58:35,2015-04-16 09:22:32,loader,loader,
318,693,Gowro,8,Gow,,98,Iranian,"aAàǣ,ā,bB,cC,dD,eEēÉe̐,é,fF,gG,hH,iIīí,jJ,kK,lL,mM,nN,oOò,ō,ð,pP,qQ,rR,sS,tT,uUúū,vV,wW,xX,yY,zZ",2015-04-16 07:58:35,2015-04-16 09:22:32,loader,loader,
319,694,Kalkoti,9,Kalk,,98,Iranian,"aAàǣ,ā,bB,cC,dD,eEēÉe̐,é,fF,gG,hH,iIīí,jJ,kK,lL,mM,nN,oOò,ō,ð,pP,qQ,rR,sS,tT,uUúū,vV,wW,xX,yY,zZ",2015-04-16 07:58:35,2015-04-16 09:22:32,loader,loader,
320,695,Kalami,10,Kalm,,98,Iranian,"aAàǣ,ā,bB,cC,dD,eEēÉe̐,é,fF,gG,hH,iIīí,jJ,kK,lL,mM,nN,oOò,ō,ð,pP,qQ,rR,sS,tT,uUúū,vV,wW,xX,yY,zZ",2015-04-16 07:58:35,2015-04-16 09:22:32,loader,loader,
321,696,Kohistani,11,Koh,,98,Iranian,"aAàǣ,ā,bB,cC,dD,eEēÉe̐,é,fF,gG,hH,iIīí,jJ,kK,lL,mM,nN,oOò,ō,ð,pP,qQ,rR,sS,tT,uUúū,vV,wW,xX,yY,zZ",2015-04-16 07:58:35,2015-04-16 09:22:32,loader,loader,
322,697,Tirahi,12,Tira,,98,Iranian,"aAàǣ,ā,bB,cC,dD,eEēÉe̐,é,fF,gG,hH,iIīí,jJ,kK,lL,mM,nN,oOò,ō,ð,pP,qQ,rR,sS,tT,uUúū,vV,wW,xX,yY,zZ",2015-04-16 07:58:35,2015-04-16 09:22:32,loader,loader,
323,698,Torwali,13,Torw,,98,Iranian,"aAàǣ,ā,bB,cC,dD,eEēÉe̐,é,fF,gG,hH,iIīí,jJ,kK,lL,mM,nN,oOò,ō,ð,pP,qQ,rR,sS,tT,uUúū,vV,wW,xX,yY,zZ",2015-04-16 07:58:35,2015-04-16 09:22:32,loader,loader,
324,699,Wotapuri-Katarqalai,14,Wota,,98,Iranian,"aAàǣ,ā,bB,cC,dD,eEēÉe̐,é,fF,gG,hH,iIīí,jJ,kK,lL,mM,nN,oOò,ō,ð,pP,qQ,rR,sS,tT,uUúū,vV,wW,xX,yY,zZ",2015-04-16 07:58:35,2015-04-16 09:22:32,loader,loader,
325,700,Dameli,15,Dam,,98,Iranian,"aAàǣ,ā,bB,cC,dD,eEēÉe̐,é,fF,gG,hH,iIīí,jJ,kK,lL,mM,nN,oOò,ō,ð,pP,qQ,rR,sS,tT,uUúū,vV,wW,xX,yY,zZ",2015-04-16 07:58:35,2015-04-16 09:22:32,loader,loader,
326,701,Gawar-Bati,16,Gawar,,98,Iranian,"aAàǣ,ā,bB,cC,dD,eEēÉe̐,é,fF,gG,hH,iIīí,jJ,kK,lL,mM,nN,oOò,ō,ð,pP,qQ,rR,sS,tT,uUúū,vV,wW,xX,yY,zZ",2015-04-16 07:58:35,2015-04-16 09:22:32,loader,loader,
327,702,Nangalami,17,Nang,,98,Iranian,"aAàǣ,ā,bB,cC,dD,eEēÉe̐,é,fF,gG,hH,iIīí,jJ,kK,lL,mM,nN,oOò,ō,ð,pP,qQ,rR,sS,tT,uUúū,vV,wW,xX,yY,zZ",2015-04-16 07:58:35,2015-04-16 09:22:32,loader,loader,
328,703,Shumashti,18,Shum,,98,Iranian,"aAàǣ,ā,bB,cC,dD,eEēÉe̐,é,fF,gG,hH,iIīí,jJ,kK,lL,mM,nN,oOò,ō,ð,pP,qQ,rR,sS,tT,uUúū,vV,wW,xX,yY,zZ",2015-04-16 07:58:35,2015-04-16 09:22:32,loader,loader,
329,704,Pashayi,19,Pash,a.k.a. Pashai,98,Iranian,"aAàǣ,ā,bB,cC,dD,eEēÉe̐,é,fF,gG,hH,iIīí,jJ,kK,lL,mM,nN,oOò,ō,ð,pP,qQ,rR,sS,tT,uUúū,vV,wW,xX,yY,zZ",2015-04-16 07:58:35,2015-04-16 09:22:32,loader,loader,
330,705,Pashayi-NW,20,PashNW,a.k.a. NW Pashai,98,Iranian,"aAàǣ,ā,bB,cC,dD,eEēÉe̐,é,fF,gG,hH,iIīí,jJ,kK,lL,mM,nN,oOò,ō,ð,pP,qQ,rR,sS,tT,uUúū,vV,wW,xX,yY,zZ",2015-04-16 07:58:35,2015-04-16 09:22:32,loader,loader,
331,706,Pashayi-SW,21,PashSW,a.k.a. SW Pashai,98,Iranian,"aAàǣ,ā,bB,cC,dD,eEēÉe̐,é,fF,gG,hH,iIīí,jJ,kK,lL,mM,nN,oOò,ō,ð,pP,qQ,rR,sS,tT,uUúū,vV,wW,xX,yY,zZ",2015-04-16 07:58:35,2015-04-16 09:22:32,loader,loader,
332,707,Pashayi-NE,22,PashNE,a.k.a. NE Pashai,98,Iranian,"aAàǣ,ā,bB,cC,dD,eEēÉe̐,é,fF,gG,hH,iIīí,jJ,kK,lL,mM,nN,oOò,ō,ð,pP,qQ,rR,sS,tT,uUúū,vV,wW,xX,yY,zZ",2015-04-16 07:58:35,2015-04-16 09:22:32,loader,loader,
333,708,Pashayi-SE,23,PashSE,a.k.a. SE Pashai,98,Iranian,"aAàǣ,ā,bB,cC,dD,eEēÉe̐,é,fF,gG,hH,iIīí,jJ,kK,lL,mM,nN,oOò,ō,ð,pP,qQ,rR,sS,tT,uUúū,vV,wW,xX,yY,zZ",2015-04-16 07:58:35,2015-04-16 09:22:32,loader,loader,
334,709,Brokskad,24,Brok,a.k.a. Brokskat (?),98,Iranian,"aAàǣ,ā,bB,cC,dD,eEēÉe̐,é,fF,gG,hH,iIīí,jJ,kK,lL,mM,nN,oOò,ō,ð,pP,qQ,rR,sS,tT,uUúū,vV,wW,xX,yY,zZ",2015-04-16 07:58:35,2015-04-16 09:22:32,loader,loader,
335,710,Domaaki,25,Domk,,98,Iranian,"aAàǣ,ā,bB,cC,dD,eEēÉe̐,é,fF,gG,hH,iIīí,jJ,kK,lL,mM,nN,oOò,ō,ð,pP,qQ,rR,sS,tT,uUúū,vV,wW,xX,yY,zZ",2015-04-16 07:58:35,2015-04-16 09:22:32,loader,loader,
336,711,Phalura,26,Phal,a.k.a. Palola/Palula/Phalulo,98,Iranian,"aAàǣ,ā,bB,cC,dD,eEēÉe̐,é,fF,gG,hH,iIīí,jJ,kK,lL,mM,nN,oOò,ō,ð,pP,qQ,rR,sS,tT,uUúū,vV,wW,xX,yY,zZ",2015-04-16 07:58:35,2015-04-16 09:22:32,loader,loader,
337,712,Shina-Kohistani,27,ShinKo,,98,Iranian,"aAàǣ,ā,bB,cC,dD,eEēÉe̐,é,fF,gG,hH,iIīí,jJ,kK,lL,mM,nN,oOò,ō,ð,pP,qQ,rR,sS,tT,uUúū,vV,wW,xX,yY,zZ",2015-04-16 07:58:35,2015-04-16 09:22:32,loader,loader,
338,713,Shina,28,Shina,,98,Iranian,"aAàǣ,ā,bB,cC,dD,eEēÉe̐,é,fF,gG,hH,iIīí,jJ,kK,lL,mM,nN,oOò,ō,ð,pP,qQ,rR,sS,tT,uUúū,vV,wW,xX,yY,zZ",2015-04-16 07:58:35,2015-04-16 09:22:32,loader,loader,
339,714,Savi,29,Savi,,98,Iranian,"aAàǣ,ā,bB,cC,dD,eEēÉe̐,é,fF,gG,hH,iIīí,jJ,kK,lL,mM,nN,oOò,ō,ð,pP,qQ,rR,sS,tT,uUúū,vV,wW,xX,yY,zZ",2015-04-16 07:58:35,2015-04-16 09:22:32,loader,loader,
340,715,Ushojo,30,Ush,,98,Iranian,"aAàǣ,ā,bB,cC,dD,eEēÉe̐,é,fF,gG,hH,iIīí,jJ,kK,lL,mM,nN,oOò,ō,ð,pP,qQ,rR,sS,tT,uUúū,vV,wW,xX,yY,zZ",2015-04-16 07:58:35,2015-04-16 09:22:32,loader,loader,
341,716,Rigvedic,1,RV,"a.k.a. Rgvedic, Ancient Sanskrit",99,Indic,"aAàǣ,ā,bB,cC,dD,eEēÉe̐,é,fF,gG,hH,iIīí,jJ,kK,lL,mM,nN,oOò,ō,ð,pP,qQ,rR,sS,tT,uUúū,vV,wW,xX,yY,zZ",2015-04-16 07:58:35,2015-04-16 09:22:32,loader,loader,
342,717,Vedic,2,Ved,,99,Indic,"aAàǣ,ā,bB,cC,dD,eEēÉe̐,é,fF,gG,hH,iIīí,jJ,kK,lL,mM,nN,oOò,ō,ð,pP,qQ,rR,sS,tT,uUúū,vV,wW,xX,yY,zZ",2015-04-16 07:58:35,2015-04-16 09:22:32,loader,loader,
343,718,Sanskrit,3,Skt,,99,Indic,"aAàǣ,ā,bB,cC,dD,eEēÉe̐,é,fF,gG,hH,iIīí,jJ,kK,lL,mM,nN,oOò,ō,ð,pP,qQ,rR,sS,tT,uUúū,vV,wW,xX,yY,zZ",2015-04-16 07:58:35,2015-04-16 09:22:32,loader,loader,
344,719,Prakrit,1,Prak,,100,Indic,"aAàǣ,ā,bB,cC,dD,eEēÉe̐,é,fF,gG,hH,iIīí,jJ,kK,lL,mM,nN,oOò,ō,ð,pP,qQ,rR,sS,tT,uUúū,vV,wW,xX,yY,zZ",2015-04-16 07:58:35,2015-04-16 09:22:32,loader,loader,
345,720,Gandhari,2,Gand,,100,Indic,"aAàǣ,ā,bB,cC,dD,eEēÉe̐,é,fF,gG,hH,iIīí,jJ,kK,lL,mM,nN,oOò,ō,ð,pP,qQ,rR,sS,tT,uUúū,vV,wW,xX,yY,zZ",2015-04-16 07:58:35,2015-04-16 09:22:32,loader,loader,
346,721,Pali,3,Pali,,100,Indic,"aAàǣ,ā,bB,cC,dD,eEēÉe̐,é,fF,gG,hH,iIīí,jJ,kK,lL,mM,nN,oOò,ō,ð,pP,qQ,rR,sS,tT,uUúū,vV,wW,xX,yY,zZ",2015-04-16 07:58:35,2015-04-16 09:22:32,loader,loader,
347,722,Sauraseni,4,Saur,,100,Indic,"aAàǣ,ā,bB,cC,dD,eEēÉe̐,é,fF,gG,hH,iIīí,jJ,kK,lL,mM,nN,oOò,ō,ð,pP,qQ,rR,sS,tT,uUúū,vV,wW,xX,yY,zZ",2015-04-16 07:58:35,2015-04-16 09:22:32,loader,loader,
348,723,Old Marathi,5,OMart,,100,Indic,"aAàǣ,ā,bB,cC,dD,eEēÉe̐,é,fF,gG,hH,iIīí,jJ,kK,lL,mM,nN,oOò,ō,ð,pP,qQ,rR,sS,tT,uUúū,vV,wW,xX,yY,zZ",2015-04-16 07:58:35,2015-04-16 09:22:32,loader,loader,
349,724,Assamese,1,Assm,,101,Indic,"aAàǣ,ā,bB,cC,dD,eEēÉe̐,é,fF,gG,hH,iIīí,jJ,kK,lL,mM,nN,oOò,ō,ð,pP,qQ,rR,sS,tT,uUúū,vV,wW,xX,yY,zZ",2015-04-16 07:58:35,2015-04-16 09:22:32,loader,loader,
350,725,Bengali,2,Beng,,101,Indic,"aAàǣ,ā,bB,cC,dD,eEēÉe̐,é,fF,gG,hH,iIīí,jJ,kK,lL,mM,nN,oOò,ō,ð,pP,qQ,rR,sS,tT,uUúū,vV,wW,xX,yY,zZ",2015-04-16 07:58:35,2015-04-16 09:22:32,loader,loader,
351,726,Bhili,3,Bhil,,101,Indic,"aAàǣ,ā,bB,cC,dD,eEēÉe̐,é,fF,gG,hH,iIīí,jJ,kK,lL,mM,nN,oOò,ō,ð,pP,qQ,rR,sS,tT,uUúū,vV,wW,xX,yY,zZ",2015-04-16 07:58:35,2015-04-16 09:22:32,loader,loader,
352,727,Bihari,4,Bih,,101,Indic,"aAàǣ,ā,bB,cC,dD,eEēÉe̐,é,fF,gG,hH,iIīí,jJ,kK,lL,mM,nN,oOò,ō,ð,pP,qQ,rR,sS,tT,uUúū,vV,wW,xX,yY,zZ",2015-04-16 07:58:35,2015-04-16 09:22:32,loader,loader,
353,728,Domari,5,Domr,"a.k.a. Luti, Mehtar, Tsigene, Middle Eastern Romani",101,Indic,"aAàǣ,ā,bB,cC,dD,eEēÉe̐,é,fF,gG,hH,iIīí,jJ,kK,lL,mM,nN,oOò,ō,ð,pP,qQ,rR,sS,tT,uUúū,vV,wW,xX,yY,zZ",2015-04-16 07:58:35,2015-04-16 09:22:32,loader,loader,
354,729,Gujarati,6,Guj,,101,Indic,"aAàǣ,ā,bB,cC,dD,eEēÉe̐,é,fF,gG,hH,iIīí,jJ,kK,lL,mM,nN,oOò,ō,ð,pP,qQ,rR,sS,tT,uUúū,vV,wW,xX,yY,zZ",2015-04-16 07:58:35,2015-04-16 09:22:32,loader,loader,
355,730,Hindi,7,Hin,a.k.a. Hindi-Urdu,101,Indic,"aAàǣ,ā,bB,cC,dD,eEēÉe̐,é,fF,gG,hH,iIīí,jJ,kK,lL,mM,nN,oOò,ō,ð,pP,qQ,rR,sS,tT,uUúū,vV,wW,xX,yY,zZ",2015-04-16 07:58:35,2015-04-16 09:22:32,loader,loader,
356,731,Khandeshi,8,Khan,,101,Indic,"aAàǣ,ā,bB,cC,dD,eEēÉe̐,é,fF,gG,hH,iIīí,jJ,kK,lL,mM,nN,oOò,ō,ð,pP,qQ,rR,sS,tT,uUúū,vV,wW,xX,yY,zZ",2015-04-16 07:58:35,2015-04-16 09:22:32,loader,loader,
357,732,Konkani,9,Konk,,101,Indic,"aAàǣ,ā,bB,cC,dD,eEēÉe̐,é,fF,gG,hH,iIīí,jJ,kK,lL,mM,nN,oOò,ō,ð,pP,qQ,rR,sS,tT,uUúū,vV,wW,xX,yY,zZ",2015-04-16 07:58:35,2015-04-16 09:22:32,loader,loader,
358,733,Kumauni,10,Kum,,101,Indic,"aAàǣ,ā,bB,cC,dD,eEēÉe̐,é,fF,gG,hH,iIīí,jJ,kK,lL,mM,nN,oOò,ō,ð,pP,qQ,rR,sS,tT,uUúū,vV,wW,xX,yY,zZ",2015-04-16 07:58:35,2015-04-16 09:22:32,loader,loader,
359,734,Lahnda,11,Lahn,,101,Indic,"aAàǣ,ā,bB,cC,dD,eEēÉe̐,é,fF,gG,hH,iIīí,jJ,kK,lL,mM,nN,oOò,ō,ð,pP,qQ,rR,sS,tT,uUúū,vV,wW,xX,yY,zZ",2015-04-16 07:58:35,2015-04-16 09:22:32,loader,loader,
360,735,Maldivian,12,Mald,,101,Indic,"aAàǣ,ā,bB,cC,dD,eEēÉe̐,é,fF,gG,hH,iIīí,jJ,kK,lL,mM,nN,oOò,ō,ð,pP,qQ,rR,sS,tT,uUúū,vV,wW,xX,yY,zZ",2015-04-16 07:58:35,2015-04-16 09:22:32,loader,loader,
361,736,Marathi,13,Mart,,101,Indic,"aAàǣ,ā,bB,cC,dD,eEēÉe̐,é,fF,gG,hH,iIīí,jJ,kK,lL,mM,nN,oOò,ō,ð,pP,qQ,rR,sS,tT,uUúū,vV,wW,xX,yY,zZ",2015-04-16 07:58:35,2015-04-16 09:22:32,loader,loader,
362,737,Nepali,14,Nep,,101,Indic,"aAàǣ,ā,bB,cC,dD,eEēÉe̐,é,fF,gG,hH,iIīí,jJ,kK,lL,mM,nN,oOò,ō,ð,pP,qQ,rR,sS,tT,uUúū,vV,wW,xX,yY,zZ",2015-04-16 07:58:35,2015-04-16 09:22:32,loader,loader,
363,738,Oriya,15,Ori,,101,Indic,"aAàǣ,ā,bB,cC,dD,eEēÉe̐,é,fF,gG,hH,iIīí,jJ,kK,lL,mM,nN,oOò,ō,ð,pP,qQ,rR,sS,tT,uUúū,vV,wW,xX,yY,zZ",2015-04-16 07:58:35,2015-04-16 09:22:32,loader,loader,
364,739,Panjabi,16,Pnj,a.k.a. Punjabi,101,Indic,"aAàǣ,ā,bB,cC,dD,eEēÉe̐,é,fF,gG,hH,iIīí,jJ,kK,lL,mM,nN,oOò,ō,ð,pP,qQ,rR,sS,tT,uUúū,vV,wW,xX,yY,zZ",2015-04-16 07:58:35,2015-04-16 09:22:32,loader,loader,
365,740,Rajasthani,17,Raj,,101,Indic,"aAàǣ,ā,bB,cC,dD,eEēÉe̐,é,fF,gG,hH,iIīí,jJ,kK,lL,mM,nN,oOò,ō,ð,pP,qQ,rR,sS,tT,uUúū,vV,wW,xX,yY,zZ",2015-04-16 07:58:35,2015-04-16 09:22:32,loader,loader,
366,741,Romani,18,Rmy,"a.k.a. Romany, Gypsy",101,Indic,"aAàǣ,ā,bB,cC,dD,eEēÉe̐,é,fF,gG,hH,iIīí,jJ,kK,lL,mM,nN,oOò,ō,ð,pP,qQ,rR,sS,tT,uUúū,vV,wW,xX,yY,zZ",2015-04-16 07:58:35,2015-04-16 09:22:32,loader,loader,
367,742,Sindhi,19,Sind,,101,Indic,"aAàǣ,ā,bB,cC,dD,eEēÉe̐,é,fF,gG,hH,iIīí,jJ,kK,lL,mM,nN,oOò,ō,ð,pP,qQ,rR,sS,tT,uUúū,vV,wW,xX,yY,zZ",2015-04-16 07:58:35,2015-04-16 09:22:32,loader,loader,
368,743,Sinhalese,20,Sinh,a.k.a. Sinhala,101,Indic,"aAàǣ,ā,bB,cC,dD,eEēÉe̐,é,fF,gG,hH,iIīí,jJ,kK,lL,mM,nN,oOò,ō,ð,pP,qQ,rR,sS,tT,uUúū,vV,wW,xX,yY,zZ",2015-04-16 07:58:35,2015-04-16 09:22:32,loader,loader,
369,744,Tharu,21,Thar,,101,Indic,"aAàǣ,ā,bB,cC,dD,eEēÉe̐,é,fF,gG,hH,iIīí,jJ,kK,lL,mM,nN,oOò,ō,ð,pP,qQ,rR,sS,tT,uUúū,vV,wW,xX,yY,zZ",2015-04-16 07:58:35,2015-04-16 09:22:32,loader,loader,
370,745,Urdu,22,Urdu,a.k.a. Hindi-Urdu,101,Indic,"aAàǣ,ā,bB,cC,dD,eEēÉe̐,é,fF,gG,hH,iIīí,jJ,kK,lL,mM,nN,oOò,ō,ð,pP,qQ,rR,sS,tT,uUúū,vV,wW,xX,yY,zZ",2015-04-16 07:58:35,2015-04-16 09:22:32,loader,loader,
371,746,Tocharian,1,Toch,a.k.a. Common Tokharian,102,,"aAàǣ,ā,bB,cC,dD,eEēÉe̐,é,fF,gG,hH,iIīí,jJ,kK,lL,mM,nN,oOò,ō,ð,pP,qQ,rR,sS,tT,uUúū,vV,wW,xX,yY,zZ",2015-04-16 07:58:35,2015-04-16 09:22:32,loader,loader,
372,747,Tocharian B,1,TochB,"a.k.a. Kuchean, Tokharian B",103,,"aAàǣ,ā,bB,cC,dD,eEēÉe̐,é,fF,gG,hH,iIīí,jJ,kK,lL,mM,nN,oOò,ō,ð,pP,qQ,rR,sS,tT,uUúū,vV,wW,xX,yY,zZ",2015-04-16 07:58:35,2015-04-16 09:22:32,loader,loader,
373,748,Tocharian A,1,TochA,"a.k.a. Turfanian, Tokharian A",104,,"aAàǣ,ā,bB,cC,dD,eEēÉe̐,é,fF,gG,hH,iIīí,jJ,kK,lL,mM,nN,oOò,ō,ð,pP,qQ,rR,sS,tT,uUúū,vV,wW,xX,yY,zZ",2015-04-16 07:58:35,2015-04-16 09:22:32,loader,loader,
374,749,Akkadian,10,Akkadian,,105,,,2022-10-04 09:42:24,2022-10-04 09:42:24,cp23772,cp23772,
375,750,Syriac,20,Syriac,,106,,,2022-10-04 09:42:39,2022-10-04 09:42:39,cp23772,cp23772,
376,751,Ethiopic,30,Ethiopic,,106,,,2022-10-04 09:42:56,2022-10-04 09:42:56,cp23772,cp23772,
377,752,Hebrew,40,Hebrew,,106,,,2022-10-04 09:43:10,2022-10-04 09:43:10,cp23772,cp23772,
378,753,Arabic,50,Arabic,,106,,,2022-10-04 09:43:25,2022-10-04 09:44:52,cp23772,cp23772,
